Id,age,gender,job,monthly_salary,electrical_bill_monthly,max_Day_past_due_loan,current_day_past_due_loan,loan_outstanding_total,credit_score,last_date_loan_created
1,32,Male,Pekerja Industri,8290000.0,471416.0,30,0,3965311.0,652,2023-03-22
2,45,Male,Guru,6773000.0,537302.0,7,4,17004115.0,694,2024-11-15
3,41,Male,Pekerja Industri,7819000.0,420732.0,23,7,2884222.0,733,2023-09-26
4,36,Female,Petani,3184000.0,302099.0,29,7,4386758.0,604,2024-10-19
5,43,Male,Pekerja Konstruksi,6951000.0,411304.0,24,8,13288070.0,705,2023-09-15
6,41,Female,Pedagang,5637000.0,413081.0,19,2,4445865.0,689,2023-11-16
7,50,Male,Petani,2432000.0,321236.0,20,3,5490127.0,656,2024-03-19
8,52,Male,Petani,3915000.0,518045.0,4,1,13775861.0,639,2023-10-11
9,32,Female,Tenaga Kesehatan,15887000.0,787448.0,17,7,19996659.0,688,2024-04-19
10,28,Male,Petani,2476000.0,620903.0,16,0,15846690.0,613,2024-12-18
11,28,Female,Petani,3857000.0,351172.0,3,2,11929453.0,728,2024-02-03
12,54,Female,Guru,6856000.0,588793.0,9,7,6068347.0,680,2024-05-26
13,53,Male,Petani,1868000.0,223632.0,10,3,1000000.0,797,2023-06-21
14,40,Male,Pedagang,6427000.0,383556.0,9,9,9365009.0,633,2024-04-16
15,29,Female,Nelayan,8346000.0,633644.0,11,2,18642807.0,637,2023-03-14
16,36,Female,Petani,4769000.0,508569.0,26,10,8195020.0,640,2024-01-02
17,50,Female,Pegawai Negeri Sipil,13196000.0,908433.0,13,9,18175537.0,699,2024-06-01
18,39,Male,Pekerja Rumah Tangga,4925000.0,277374.0,2,2,10963010.0,688,2024-10-08
19,34,Male,Pekerja Industri,3253000.0,131638.0,0,0,2145677.0,698,2024-07-02
20,44,Female,Guru,7830000.0,365316.0,25,4,7122655.0,661,2024-02-08
21,40,Male,Pekerja Konstruksi,11939000.0,507992.0,0,0,14326358.0,686,2024-08-01
22,27,Male,Pedagang,8893000.0,702701.0,9,9,11194662.0,660,2024-09-11
23,39,Male,Pekerja Industri,6486000.0,278512.0,16,6,11195957.0,627,2024-03-28
24,31,Female,Pedagang,9143000.0,543832.0,10,0,13775941.0,744,2024-12-28
25,35,Male,Petani,3636000.0,100000.0,13,6,15591041.0,629,2023-04-16
26,30,Female,Petani,4945000.0,410390.0,22,0,10940823.0,635,2023-05-30
27,30,Male,Petani,4446000.0,281243.0,21,1,8958958.0,624,2023-09-05
28,26,Female,Pedagang,6557000.0,626177.0,14,12,11050580.0,569,2024-06-29
29,46,Female,Pedagang,2659000.0,319134.0,0,0,15536648.0,693,2024-10-23
30,42,Male,Pedagang,6058000.0,451802.0,21,5,2498423.0,667,2023-05-02
31,24,Female,Petani,1894000.0,410946.0,15,0,7729957.0,625,2023-06-06
32,47,Female,Pekerja Konstruksi,11244000.0,648948.0,23,0,18303066.0,627,2023-05-02
33,65,Female,Petani,4713000.0,405112.0,21,8,7662911.0,645,2023-08-13
34,27,Female,Pegawai Negeri Sipil,9641000.0,743455.0,16,4,15238701.0,609,2023-08-30
35,32,Female,Petani,4080000.0,625427.0,21,5,15023810.0,639,2023-08-06
36,18,Female,Petani,2223000.0,428902.0,22,4,2771570.0,618,2023-06-20
37,35,Female,Pedagang,3632000.0,502687.0,16,5,15158538.0,635,2024-11-06
38,39,Male,Pekerja Industri,4995000.0,520962.0,18,0,12642266.0,663,2023-06-16
39,50,Male,Pekerja Industri,3976000.0,416622.0,18,4,8096760.0,633,2024-05-08
40,28,Male,Pegawai Negeri Sipil,16161000.0,1128188.0,8,8,15188407.0,700,2023-05-17
41,44,Male,Pekerja Industri,5330000.0,440950.0,9,2,12939128.0,616,2023-03-09
42,28,Female,Petani,2439000.0,186865.0,10,10,9465005.0,669,2023-09-28
43,33,Female,Petani,3046000.0,585547.0,14,2,1000000.0,657,2024-05-09
44,35,Female,Pedagang,4174000.0,704527.0,19,10,11064810.0,655,2023-12-29
45,18,Male,Nelayan,6146000.0,486224.0,12,6,7109430.0,647,2023-05-07
46,26,Female,Guru,8942000.0,315670.0,18,7,16223050.0,612,2023-04-23
47,19,Female,Pekerja Konstruksi,4016000.0,427056.0,19,7,10824078.0,662,2024-03-27
48,45,Male,Pedagang,3821000.0,504734.0,23,0,1000000.0,635,2023-05-31
49,36,Male,Petani,2211000.0,146175.0,25,9,10702350.0,566,2024-09-03
50,38,Male,Petani,3734000.0,414170.0,17,0,4635153.0,611,2023-07-28
51,36,Female,Petani,2093000.0,618465.0,10,6,10124903.0,716,2023-02-06
52,24,Male,Pekerja Industri,4045000.0,103969.0,7,6,3296758.0,699,2024-12-06
53,36,Female,Petani,2764000.0,323379.0,14,7,4496135.0,753,2024-07-15
54,33,Female,Pedagang,13737000.0,715653.0,0,0,8815192.0,631,2023-03-07
55,22,Female,Petani,2045000.0,294067.0,16,1,1269902.0,599,2024-08-03
56,32,Male,Pedagang,12390000.0,861227.0,26,11,17011192.0,577,2024-06-12
57,50,Male,Petani,3821000.0,365523.0,13,8,8082880.0,743,2024-12-02
58,48,Male,Pekerja Industri,9389000.0,712663.0,8,2,15218473.0,594,2025-01-02
59,29,Male,Pedagang,5897000.0,509647.0,9,9,6124754.0,673,2023-12-11
60,31,Male,Petani,1719000.0,340510.0,26,6,1000000.0,672,2024-01-09
61,18,Male,Petani,1643000.0,411580.0,19,3,1000000.0,668,2023-03-11
62,29,Male,Petani,3488000.0,639516.0,7,7,1000000.0,712,2025-01-14
63,18,Male,Pekerja Konstruksi,4111000.0,307405.0,32,10,3248707.0,681,2023-08-05
64,22,Female,Pedagang,5802000.0,293218.0,20,0,6372316.0,641,2024-11-09
65,40,Male,Pekerja Konstruksi,9084000.0,397123.0,14,6,11921737.0,652,2024-08-29
66,18,Female,Petani,3741000.0,340306.0,10,1,10793140.0,664,2023-04-18
67,49,Male,Guru,5491000.0,489285.0,31,0,5123451.0,608,2023-12-10
68,32,Male,Pedagang,11590000.0,929267.0,21,8,10588525.0,708,2024-07-03
69,45,Female,Petani,4358000.0,129089.0,4,4,9550939.0,702,2024-04-02
70,42,Male,Pedagang,13377000.0,396351.0,34,17,13762086.0,637,2024-08-22
71,26,Female,Guru,14928000.0,582806.0,6,5,14765735.0,641,2023-08-28
72,28,Male,Pedagang,10056000.0,623041.0,9,3,12845571.0,669,2024-10-08
73,24,Male,Sopir,7849000.0,586268.0,15,15,8112615.0,697,2024-11-04
74,35,Female,Pekerja Industri,3385000.0,328357.0,14,9,4001637.0,652,2023-05-10
75,30,Male,Petani,3779000.0,483337.0,14,10,8435401.0,749,2024-09-02
76,28,Female,Pekerja Industri,4936000.0,752212.0,40,2,11909076.0,648,2023-12-13
77,50,Male,Petani,4229000.0,646679.0,15,9,6461651.0,700,2023-08-04
78,49,Female,Pegawai Negeri Sipil,10633000.0,506991.0,1,1,14785187.0,710,2024-06-20
79,52,Male,Pekerja Rumah Tangga,4188000.0,645960.0,0,0,12612619.0,667,2024-04-08
80,37,Male,Petani,3545000.0,208611.0,10,8,9770771.0,683,2024-10-30
81,30,Female,Petani,2144000.0,585607.0,19,0,5684042.0,549,2024-12-08
82,47,Female,Pekerja Industri,7609000.0,499418.0,25,8,11120368.0,635,2023-05-16
83,38,Male,Petani,1500000.0,654541.0,26,7,3110656.0,672,2024-10-02
84,37,Female,Petani,1500000.0,461483.0,18,11,9340230.0,652,2024-05-23
85,53,Male,Pekerja Industri,4863000.0,263513.0,21,0,5176531.0,649,2025-01-02
86,45,Female,Petani,3135000.0,526464.0,15,4,13635572.0,664,2024-10-30
87,27,Male,Pedagang,9746000.0,444312.0,32,1,15350461.0,633,2024-04-12
88,20,Male,Petani,1500000.0,143028.0,0,0,12397158.0,720,2023-03-21
89,32,Female,Pedagang,13160000.0,681176.0,10,4,13502716.0,624,2024-06-14
90,31,Female,Petani,3693000.0,305648.0,21,9,12427129.0,703,2023-11-16
91,40,Female,Pedagang,3828000.0,589109.0,19,8,4572009.0,624,2024-05-04
92,50,Female,Petani,1841000.0,369922.0,22,3,5924370.0,620,2023-07-30
93,39,Female,Guru,9973000.0,896442.0,6,0,16563090.0,627,2023-11-17
94,36,Male,Pedagang,9501000.0,553323.0,15,5,20534757.0,651,2023-08-06
95,21,Male,Petani,4942000.0,474592.0,39,6,5212597.0,657,2024-08-31
96,30,Female,Pekerja Industri,3379000.0,335619.0,32,4,13515499.0,610,2023-06-13
97,48,Male,Pekerja Rumah Tangga,3141000.0,504676.0,18,7,10778577.0,642,2023-04-06
98,36,Male,Guru,10068000.0,701056.0,15,0,11481586.0,662,2024-01-22
99,23,Male,Petani,2587000.0,318594.0,26,8,11494935.0,634,2024-09-14
100,39,Female,Petani,3499000.0,543797.0,12,2,5451333.0,617,2023-03-20
101,20,Female,Guru,6551000.0,462791.0,21,7,4674966.0,626,2023-07-10
102,27,Male,Petani,3280000.0,524440.0,21,2,14349122.0,620,2024-11-25
103,25,Female,Pekerja Industri,3420000.0,165866.0,12,0,9053582.0,712,2025-01-05
104,44,Male,Petani,2271000.0,718736.0,15,0,8759512.0,659,2024-12-30
105,27,Male,Guru,3443000.0,488446.0,26,3,2516342.0,620,2023-08-22
106,44,Female,Tenaga Kesehatan,20000000.0,656885.0,17,12,14662706.0,643,2023-04-30
107,52,Male,Pekerja Industri,5734000.0,544329.0,27,3,4671092.0,639,2024-10-17
108,36,Female,Petani,3078000.0,253497.0,13,8,6636851.0,651,2023-03-10
109,32,Female,Pedagang,11727000.0,617460.0,10,9,19308994.0,649,2024-09-11
110,23,Male,Sopir,5915000.0,557523.0,19,5,14281628.0,605,2023-07-03
111,55,Female,Pedagang,5874000.0,146081.0,6,6,11874570.0,636,2024-11-26
112,35,Female,Petani,2709000.0,634103.0,17,8,8946838.0,623,2023-05-04
113,41,Female,Pekerja Industri,8832000.0,870443.0,30,4,13757605.0,624,2023-11-16
114,36,Female,Pegawai Negeri Sipil,12386000.0,819749.0,7,5,15361771.0,709,2023-11-15
115,32,Male,Sopir,5859000.0,369087.0,18,12,14672927.0,680,2023-11-15
116,39,Male,Pedagang,8805000.0,663167.0,30,2,7202119.0,555,2024-06-21
117,22,Male,Pedagang,7194000.0,642450.0,5,0,13043436.0,636,2023-03-27
118,54,Male,Petani,4072000.0,370851.0,18,10,11816965.0,676,2023-02-26
119,29,Female,Petani,2854000.0,480798.0,11,7,1000000.0,745,2024-09-08
120,34,Female,Pegawai Negeri Sipil,17165000.0,570537.0,6,3,16063807.0,656,2023-08-27
121,35,Male,Pedagang,14165000.0,781083.0,11,1,15620353.0,594,2023-10-31
122,33,Male,Petani,4535000.0,587703.0,15,9,12919737.0,533,2024-10-20
123,48,Male,Pekerja Industri,3912000.0,355608.0,11,7,11827351.0,597,2023-04-17
124,18,Female,Pedagang,9346000.0,574465.0,20,2,5823686.0,686,2024-07-21
125,39,Male,Pedagang,2173000.0,208499.0,12,10,3201031.0,626,2023-02-15
126,50,Female,Pedagang,6897000.0,683445.0,20,5,5957691.0,661,2024-07-07
127,31,Female,Pedagang,2586000.0,492548.0,0,0,13063968.0,609,2023-11-19
128,30,Female,Pedagang,13784000.0,523955.0,18,7,9121595.0,647,2023-12-20
129,49,Male,Petani,2941000.0,478826.0,11,1,8073484.0,716,2023-08-28
130,34,Female,Pegawai Negeri Sipil,18244000.0,983287.0,18,4,8902643.0,642,2023-12-12
131,20,Male,Pegawai Negeri Sipil,11243000.0,557483.0,0,0,12587731.0,625,2024-08-19
132,52,Male,Petani,4744000.0,370900.0,10,6,12355365.0,550,2024-07-18
133,49,Female,Pegawai Negeri Sipil,10726000.0,871403.0,21,4,15145272.0,585,2023-06-09
134,25,Female,Pegawai Negeri Sipil,19644000.0,844084.0,18,0,19973034.0,584,2023-12-13
135,48,Male,Pekerja Industri,9326000.0,597316.0,16,7,15814836.0,668,2023-06-01
136,40,Female,Pedagang,8990000.0,613010.0,5,5,9607596.0,624,2024-03-03
137,30,Female,Guru,13235000.0,921897.0,7,7,19704736.0,626,2024-09-06
138,18,Male,Nelayan,7437000.0,347825.0,0,0,12085681.0,655,2024-07-05
139,39,Male,Guru,6199000.0,857209.0,26,13,11289263.0,686,2023-11-19
140,50,Male,Pedagang,6697000.0,502831.0,15,13,8368734.0,639,2023-12-22
141,29,Female,Tenaga Kesehatan,20000000.0,861864.0,3,3,10838112.0,709,2025-01-11
142,28,Female,Pekerja Rumah Tangga,2920000.0,289477.0,0,0,10860712.0,718,2024-10-31
143,32,Male,Pekerja Industri,4037000.0,294150.0,7,7,7202643.0,714,2024-10-05
144,32,Male,Nelayan,2279000.0,464101.0,15,6,12751704.0,744,2023-05-02
145,41,Female,Pekerja Industri,7111000.0,660557.0,22,0,6553885.0,664,2023-03-23
146,53,Male,Pegawai Negeri Sipil,18497000.0,655257.0,12,3,18920005.0,683,2023-06-08
147,27,Female,Petani,4874000.0,662576.0,22,8,7589836.0,635,2023-09-20
148,40,Male,Petani,3705000.0,552879.0,0,0,7077394.0,666,2024-11-27
149,47,Male,Pedagang,9977000.0,371488.0,21,12,9763736.0,593,2023-04-07
150,34,Female,Pedagang,12170000.0,807577.0,11,0,18489700.0,718,2024-06-13
151,45,Female,Pekerja Industri,5443000.0,581864.0,9,7,7685771.0,659,2023-07-13
152,36,Male,Pekerja Industri,5329000.0,304448.0,10,10,10873724.0,609,2023-05-07
153,43,Female,Tenaga Kesehatan,10825000.0,279950.0,5,5,10417850.0,680,2023-09-04
154,31,Female,Sopir,3540000.0,465936.0,25,8,6683602.0,704,2025-01-14
155,26,Male,Guru,8884000.0,652018.0,0,0,7568124.0,715,2024-02-03
156,48,Male,Petani,4343000.0,183571.0,6,2,1109504.0,659,2023-07-24
157,47,Female,Tenaga Kesehatan,20000000.0,973545.0,34,8,17526675.0,512,2024-11-02
158,32,Female,Petani,2668000.0,243059.0,0,0,5059499.0,739,2024-08-24
159,40,Male,Guru,11224000.0,541465.0,15,13,11020524.0,589,2023-03-26
160,18,Male,Pegawai Negeri Sipil,15407000.0,680377.0,17,0,9537510.0,574,2024-11-21
161,30,Female,Petani,3381000.0,442677.0,8,8,10146879.0,667,2024-01-18
162,30,Male,Sopir,2749000.0,433121.0,7,0,13837636.0,599,2023-06-25
163,62,Male,Petani,4199000.0,257184.0,14,3,12959988.0,643,2023-07-02
164,33,Female,Guru,7930000.0,628380.0,13,0,2229723.0,658,2024-12-08
165,41,Male,Pekerja Industri,8086000.0,376632.0,0,0,16146297.0,642,2023-11-12
166,50,Male,Pedagang,9805000.0,565498.0,16,3,12408344.0,674,2024-10-16
167,36,Male,Pekerja Industri,7175000.0,231300.0,12,6,9112128.0,701,2023-12-16
168,36,Male,Pekerja Konstruksi,11927000.0,671200.0,7,0,9534714.0,648,2023-06-09
169,37,Male,Pedagang,7629000.0,532308.0,0,0,10158477.0,717,2023-01-25
170,43,Female,Sopir,2694000.0,648961.0,19,18,6444793.0,614,2023-04-22
171,39,Male,Tenaga Kesehatan,4790000.0,604071.0,26,8,3573202.0,637,2023-06-01
172,31,Male,Petani,1500000.0,127675.0,20,3,2028924.0,724,2025-01-03
173,26,Female,Petani,2180000.0,467957.0,16,0,3601192.0,694,2024-07-17
174,24,Female,Pegawai Negeri Sipil,10717000.0,593004.0,32,9,3791905.0,710,2025-01-01
175,32,Female,Petani,3166000.0,381420.0,17,2,16533033.0,603,2024-08-31
176,30,Female,Pekerja Industri,4934000.0,477024.0,14,0,12440474.0,697,2024-12-28
177,20,Female,Pekerja Industri,3946000.0,257261.0,4,4,10010015.0,559,2023-06-25
178,41,Female,Tenaga Kesehatan,20000000.0,832839.0,14,0,11503954.0,670,2024-04-16
179,37,Male,Pedagang,11450000.0,722971.0,16,12,18585546.0,583,2025-01-21
180,34,Male,Pekerja Industri,4565000.0,339927.0,30,12,8833482.0,521,2024-10-25
181,46,Female,Pedagang,13822000.0,359914.0,33,2,17701243.0,588,2024-03-07
182,45,Female,Pedagang,7190000.0,782137.0,25,12,6674711.0,616,2023-03-13
183,41,Female,Pekerja Industri,8428000.0,402440.0,37,0,7021207.0,581,2024-03-15
184,36,Male,Pedagang,6051000.0,355016.0,29,6,5072705.0,714,2024-07-05
185,36,Male,Pekerja Konstruksi,3395000.0,602089.0,18,8,8836795.0,598,2023-02-22
186,38,Female,Pekerja Konstruksi,8652000.0,547336.0,18,3,19245236.0,564,2023-11-15
187,61,Male,Petani,4997000.0,657672.0,3,0,11993647.0,664,2024-12-08
188,31,Female,Pedagang,11995000.0,504142.0,30,4,14490265.0,577,2024-08-14
189,38,Female,Pegawai Negeri Sipil,19973000.0,717236.0,1,0,16577622.0,653,2024-08-24
190,35,Male,Pekerja Industri,7120000.0,440972.0,19,0,5815681.0,681,2024-04-26
191,37,Male,Tenaga Kesehatan,7955000.0,401562.0,24,0,15291494.0,623,2024-03-31
192,47,Female,Pekerja Industri,5884000.0,247212.0,20,9,19607482.0,611,2023-10-14
193,38,Female,Guru,5201000.0,632388.0,24,0,14399014.0,643,2024-06-10
194,38,Female,Petani,3433000.0,555412.0,18,7,5124661.0,696,2024-12-30
195,27,Male,Pekerja Industri,9243000.0,622340.0,19,11,13577743.0,606,2024-01-11
196,27,Male,Petani,3821000.0,384736.0,12,7,12407802.0,619,2023-05-14
197,37,Female,Pedagang,2891000.0,380723.0,28,5,9192157.0,598,2023-05-03
198,38,Female,Tenaga Kesehatan,15826000.0,744843.0,17,1,20130427.0,559,2024-11-28
199,46,Female,Petani,4228000.0,637405.0,20,12,9252163.0,641,2023-02-13
200,21,Male,Pegawai Negeri Sipil,15369000.0,809924.0,8,8,17346733.0,679,2023-02-05
201,42,Female,Pekerja Rumah Tangga,4322000.0,540259.0,8,4,10029904.0,603,2024-06-09
202,42,Female,Pekerja Industri,8796000.0,362957.0,22,1,16477617.0,629,2023-11-01
203,24,Female,Petani,1679000.0,593379.0,21,6,9463145.0,649,2024-07-04
204,36,Male,Pegawai Negeri Sipil,15596000.0,831717.0,15,0,21612514.0,655,2023-02-13
205,61,Male,Pedagang,7858000.0,702396.0,15,3,6724966.0,570,2023-11-17
206,31,Male,Pekerja Industri,6878000.0,668205.0,34,0,6711188.0,722,2024-01-19
207,18,Female,Petani,3979000.0,482551.0,29,1,6963167.0,591,2025-01-14
208,36,Male,Petani,3455000.0,555025.0,3,3,6711582.0,669,2023-11-22
209,18,Female,Petani,2733000.0,348057.0,9,2,1000000.0,723,2023-12-20
210,34,Male,Pedagang,11292000.0,745946.0,34,6,20851302.0,609,2023-11-04
211,36,Male,Petani,3174000.0,303258.0,7,7,9025832.0,667,2024-11-03
212,39,Male,Petani,2012000.0,233445.0,4,4,4759785.0,767,2024-08-30
213,45,Female,Pegawai Negeri Sipil,11935000.0,599885.0,8,8,12459891.0,649,2024-08-31
214,39,Male,Pedagang,13492000.0,804955.0,12,1,13865217.0,619,2024-03-02
215,38,Female,Tenaga Kesehatan,19549000.0,857004.0,0,0,19859724.0,664,2023-09-12
216,34,Male,Sopir,3040000.0,471480.0,9,6,8720833.0,564,2023-08-10
217,26,Male,Pekerja Industri,3714000.0,321518.0,9,9,10556389.0,695,2024-02-07
218,44,Male,Pekerja Rumah Tangga,3554000.0,181284.0,25,8,11239854.0,623,2023-12-03
219,32,Male,Petani,2016000.0,415719.0,1,1,9395218.0,572,2024-07-20
220,25,Male,Pegawai Negeri Sipil,11571000.0,713537.0,38,0,13970506.0,593,2024-05-25
221,53,Female,Petani,3165000.0,548434.0,18,8,4593719.0,694,2024-12-20
222,34,Female,Petani,4956000.0,623596.0,13,8,6064010.0,608,2024-08-11
223,23,Male,Tenaga Kesehatan,8992000.0,936038.0,17,12,7018638.0,672,2024-06-10
224,44,Male,Pedagang,6607000.0,165799.0,25,0,6108404.0,625,2024-03-01
225,34,Male,Pegawai Negeri Sipil,12855000.0,906169.0,8,8,10016817.0,607,2023-06-08
226,30,Female,Pedagang,7776000.0,477968.0,10,1,10064885.0,630,2024-02-04
227,51,Female,Pedagang,3036000.0,580748.0,10,0,16792640.0,691,2024-11-30
228,47,Male,Petani,2150000.0,597538.0,18,4,11028158.0,701,2024-02-25
229,40,Male,Pekerja Rumah Tangga,3956000.0,242898.0,7,5,11287132.0,600,2023-04-14
230,41,Male,Petani,3025000.0,465356.0,26,4,3177895.0,682,2024-10-30
231,30,Male,Petani,4277000.0,434794.0,43,6,10132900.0,657,2023-05-28
232,30,Female,Pedagang,13112000.0,806979.0,28,19,10736809.0,726,2024-05-31
233,49,Female,Pekerja Industri,4502000.0,594749.0,12,1,3772508.0,663,2023-07-02
234,45,Male,Petani,1500000.0,100000.0,18,8,5451666.0,701,2025-01-04
235,50,Male,Petani,1500000.0,419655.0,31,2,11873155.0,599,2024-06-04
236,36,Female,Guru,12410000.0,895244.0,25,7,4740860.0,603,2023-03-21
237,48,Male,Petani,1500000.0,886286.0,13,4,14600508.0,623,2024-09-19
238,40,Female,Petani,3696000.0,560779.0,35,10,2635097.0,612,2023-03-16
239,48,Male,Pekerja Industri,3394000.0,288008.0,4,4,18550011.0,598,2023-04-01
240,30,Male,Pegawai Negeri Sipil,15744000.0,652777.0,8,2,20042684.0,677,2023-08-16
241,39,Male,Pekerja Industri,7444000.0,226248.0,24,3,4464159.0,721,2023-03-26
242,24,Female,Pegawai Negeri Sipil,7739000.0,293257.0,10,2,14843523.0,646,2023-06-28
243,35,Female,Petani,4000000.0,482747.0,18,6,9480829.0,605,2023-08-02
244,18,Male,Pekerja Industri,8301000.0,240791.0,25,3,8257829.0,603,2024-04-18
245,46,Female,Tenaga Kesehatan,8799000.0,691495.0,16,8,17893230.0,580,2024-06-02
246,30,Female,Guru,13552000.0,752797.0,24,17,14602830.0,569,2024-11-01
247,23,Female,Petani,3614000.0,124771.0,21,13,1000000.0,747,2024-10-13
248,34,Female,Pegawai Negeri Sipil,8443000.0,612428.0,6,6,10699650.0,671,2023-08-28
249,39,Female,Petani,1757000.0,457824.0,5,0,10082075.0,679,2024-07-08
250,45,Female,Pedagang,13363000.0,800121.0,3,3,13993097.0,726,2024-12-16
251,18,Female,Petani,4121000.0,188276.0,31,10,11682352.0,581,2023-02-11
252,53,Male,Guru,10874000.0,387636.0,14,0,7350319.0,554,2024-10-29
253,26,Male,Pekerja Industri,5833000.0,248975.0,1,1,3440525.0,704,2023-08-19
254,34,Male,Pedagang,4083000.0,408415.0,5,5,7376502.0,594,2023-08-22
255,23,Male,Petani,1719000.0,282784.0,14,7,3882332.0,664,2024-03-08
256,64,Female,Pedagang,13860000.0,1039495.0,2,2,11342082.0,698,2023-11-24
257,33,Male,Petani,4524000.0,498807.0,12,5,2800059.0,730,2024-07-27
258,24,Male,Petani,1500000.0,445759.0,0,0,10293244.0,723,2023-09-28
259,26,Male,Pekerja Konstruksi,9237000.0,631897.0,20,1,22719184.0,601,2024-08-18
260,23,Female,Pedagang,9114000.0,689157.0,20,7,6767252.0,685,2023-02-12
261,43,Female,Pedagang,14549000.0,650643.0,8,8,11538733.0,620,2024-03-08
262,43,Male,Pedagang,9971000.0,308641.0,7,0,21913627.0,661,2024-03-30
263,25,Male,Pedagang,14522000.0,489919.0,16,8,17395917.0,672,2023-04-01
264,18,Male,Pedagang,14402000.0,618204.0,0,0,8877775.0,697,2024-09-27
265,34,Male,Sopir,5137000.0,401557.0,2,0,6024937.0,660,2024-05-13
266,31,Male,Pekerja Konstruksi,6698000.0,597290.0,19,6,17562256.0,617,2024-07-13
267,43,Male,Pedagang,8530000.0,624540.0,31,1,16829795.0,657,2024-10-23
268,30,Male,Pegawai Negeri Sipil,7848000.0,230579.0,7,3,13774325.0,643,2024-08-08
269,34,Male,Petani,1639000.0,434789.0,3,3,8365333.0,705,2023-07-28
270,35,Female,Pedagang,9442000.0,680729.0,21,0,3277912.0,717,2023-03-14
271,29,Male,Pedagang,2068000.0,318750.0,11,5,5451481.0,678,2023-08-29
272,46,Female,Pedagang,11909000.0,724228.0,18,0,5330914.0,699,2023-04-21
273,43,Female,Pekerja Industri,7188000.0,465930.0,16,9,7689829.0,656,2023-09-16
274,37,Female,Pedagang,9219000.0,293065.0,18,3,8370496.0,653,2024-10-14
275,34,Female,Petani,1559000.0,385156.0,12,4,11011312.0,646,2023-05-20
276,43,Male,Petani,2354000.0,172895.0,18,3,10164022.0,642,2023-02-02
277,34,Male,Pekerja Industri,3236000.0,386495.0,0,0,17502015.0,717,2023-03-31
278,38,Male,Pedagang,4997000.0,681221.0,5,5,12194642.0,711,2024-01-30
279,50,Female,Pekerja Industri,9331000.0,634119.0,3,3,9130627.0,677,2024-02-06
280,34,Female,Pekerja Konstruksi,3887000.0,381114.0,15,1,7933737.0,636,2023-02-19
281,25,Female,Petani,3067000.0,328953.0,15,0,7778991.0,644,2023-08-02
282,31,Female,Petani,2172000.0,198748.0,27,4,4617270.0,519,2023-08-27
283,34,Female,Pekerja Industri,8900000.0,636525.0,10,3,5595205.0,612,2024-09-17
284,18,Female,Pegawai Negeri Sipil,9620000.0,459696.0,27,10,4958184.0,621,2024-04-30
285,21,Female,Petani,3045000.0,139825.0,4,4,4854993.0,714,2024-08-24
286,28,Male,Petani,1500000.0,631295.0,15,11,9654458.0,672,2023-06-06
287,37,Female,Petani,1500000.0,459421.0,24,14,6060174.0,675,2024-04-21
288,26,Female,Petani,2646000.0,446920.0,8,8,11708130.0,622,2024-03-21
289,42,Male,Pedagang,6010000.0,642105.0,2,0,14038957.0,784,2024-11-23
290,40,Female,Pedagang,9507000.0,803733.0,19,4,16026903.0,609,2025-01-18
291,22,Male,Pedagang,5892000.0,475984.0,26,0,1398406.0,626,2023-07-18
292,26,Male,Pekerja Industri,3534000.0,555703.0,2,2,8170707.0,647,2024-08-06
293,33,Female,Petani,4242000.0,704121.0,7,1,8440296.0,706,2023-04-07
294,38,Male,Petani,2842000.0,371665.0,26,6,6596186.0,620,2024-06-11
295,37,Male,Pedagang,9399000.0,746200.0,3,3,13803678.0,799,2024-10-28
296,40,Female,Petani,4779000.0,414551.0,20,0,7498328.0,673,2023-11-13
297,46,Female,Pegawai Negeri Sipil,17502000.0,458945.0,13,13,15504663.0,703,2024-10-15
298,35,Female,Pegawai Negeri Sipil,5279000.0,130068.0,0,0,11807944.0,649,2024-11-26
299,47,Female,Pedagang,5699000.0,438781.0,9,9,12888754.0,625,2023-08-31
300,36,Female,Pekerja Konstruksi,6126000.0,363634.0,31,3,3915543.0,577,2024-04-15
301,21,Male,Pedagang,10068000.0,258915.0,13,4,8896813.0,613,2023-02-18
302,31,Male,Pekerja Industri,7467000.0,230401.0,29,0,6590986.0,724,2023-11-05
303,34,Female,Guru,13312000.0,545621.0,7,7,14306996.0,512,2023-10-03
304,35,Female,Pedagang,9325000.0,671558.0,12,12,5666214.0,679,2024-04-28
305,18,Female,Petani,2109000.0,363893.0,0,0,2469286.0,662,2023-12-14
306,29,Female,Pekerja Industri,9531000.0,710687.0,2,0,3126909.0,731,2023-04-26
307,34,Female,Pekerja Rumah Tangga,4705000.0,597298.0,0,0,10782453.0,646,2023-02-08
308,33,Female,Pedagang,4141000.0,425708.0,20,0,7323542.0,662,2024-05-20
309,28,Female,Pedagang,10705000.0,343198.0,0,0,16057720.0,673,2023-05-10
310,25,Female,Petani,4196000.0,418049.0,9,3,8028353.0,607,2023-07-21
311,55,Female,Pekerja Industri,7583000.0,425491.0,24,0,7733614.0,673,2023-12-27
312,28,Female,Pekerja Rumah Tangga,2448000.0,522372.0,5,5,15615645.0,581,2024-10-21
313,29,Male,Pekerja Industri,7140000.0,585224.0,11,0,12792639.0,636,2024-11-12
314,34,Female,Pedagang,3716000.0,174506.0,22,21,7973842.0,621,2024-02-17
315,36,Male,Tenaga Kesehatan,16548000.0,820456.0,30,4,18543237.0,697,2023-05-21
316,42,Female,Pekerja Industri,7259000.0,610820.0,8,8,8160523.0,717,2023-03-20
317,48,Male,Tenaga Kesehatan,20000000.0,827506.0,17,6,8995512.0,626,2024-10-22
318,38,Male,Pedagang,5964000.0,479589.0,24,0,6571505.0,661,2023-02-20
319,55,Male,Pekerja Industri,8962000.0,675180.0,0,0,15783896.0,692,2023-10-10
320,34,Female,Pedagang,4899000.0,775741.0,17,3,12570316.0,668,2023-07-05
321,28,Female,Pedagang,13888000.0,783192.0,21,5,19876770.0,604,2023-07-28
322,51,Female,Pegawai Negeri Sipil,16505000.0,972049.0,0,0,21333660.0,532,2023-07-25
323,35,Male,Pegawai Negeri Sipil,15949000.0,655467.0,7,7,28424823.0,567,2024-12-05
324,38,Female,Petani,3933000.0,670745.0,17,7,11027351.0,607,2023-07-11
325,30,Male,Pekerja Konstruksi,9257000.0,525037.0,7,0,18459494.0,715,2024-12-31
326,37,Male,Petani,3246000.0,184637.0,19,4,1409107.0,654,2024-11-08
327,45,Female,Pegawai Negeri Sipil,12288000.0,594660.0,34,12,22328053.0,555,2024-08-07
328,49,Female,Pedagang,9192000.0,554536.0,4,2,19018756.0,679,2023-12-08
329,18,Male,Guru,10530000.0,274202.0,17,4,6665421.0,604,2023-10-22
330,36,Female,Pekerja Industri,8935000.0,387162.0,18,5,19360556.0,676,2023-11-02
331,37,Male,Pedagang,7369000.0,537152.0,24,1,12423173.0,618,2024-07-21
332,18,Male,Pekerja Industri,8326000.0,658831.0,30,9,6474696.0,593,2024-03-15
333,30,Male,Sopir,5946000.0,617743.0,2,2,9043347.0,756,2024-06-13
334,25,Female,Pedagang,2325000.0,365815.0,20,6,6145504.0,607,2024-04-23
335,52,Male,Sopir,5568000.0,433959.0,10,5,9333215.0,689,2024-07-28
336,34,Female,Pedagang,10809000.0,590362.0,28,2,15696747.0,576,2023-07-19
337,24,Male,Petani,4801000.0,464496.0,35,6,11994465.0,602,2023-10-04
338,41,Male,Pedagang,7473000.0,487172.0,13,1,9483322.0,612,2023-03-14
339,44,Male,Pegawai Negeri Sipil,13318000.0,614246.0,21,8,11157505.0,664,2023-03-06
340,33,Male,Pekerja Industri,9782000.0,414290.0,6,6,11808433.0,694,2024-12-10
341,27,Male,Pekerja Industri,7279000.0,668646.0,28,9,18724877.0,582,2023-05-27
342,20,Female,Pekerja Industri,8250000.0,408055.0,12,12,10016316.0,635,2024-10-13
343,37,Female,Pekerja Industri,8219000.0,373534.0,17,1,12447554.0,673,2023-09-21
344,38,Male,Pedagang,2245000.0,100000.0,33,3,4527670.0,598,2023-10-30
345,40,Female,Pegawai Negeri Sipil,6232000.0,336685.0,24,16,6298735.0,592,2024-02-05
346,49,Male,Pekerja Industri,5211000.0,575266.0,21,1,15664968.0,669,2023-07-13
347,18,Female,Pekerja Konstruksi,3844000.0,300470.0,11,3,4113981.0,692,2023-02-21
348,32,Male,Pekerja Industri,5978000.0,415038.0,27,7,14767474.0,624,2023-07-26
349,40,Male,Nelayan,9052000.0,586901.0,29,6,12527752.0,581,2024-10-26
350,50,Male,Pedagang,10485000.0,270142.0,0,0,4883044.0,647,2024-04-19
351,40,Female,Pedagang,9239000.0,649972.0,9,9,22786990.0,636,2023-05-09
352,38,Male,Pedagang,10959000.0,380285.0,10,6,5779354.0,828,2024-08-09
353,26,Male,Pegawai Negeri Sipil,13526000.0,747365.0,0,0,14149410.0,610,2023-04-11
354,36,Female,Petani,4517000.0,518210.0,25,4,10295363.0,711,2024-11-27
355,29,Male,Pekerja Industri,6882000.0,683435.0,36,0,13235274.0,573,2024-12-28
356,18,Female,Petani,2092000.0,448639.0,15,4,10301943.0,693,2024-09-10
357,18,Female,Pekerja Rumah Tangga,2084000.0,360678.0,26,9,7280804.0,638,2024-07-05
358,53,Male,Pegawai Negeri Sipil,17410000.0,734374.0,16,0,21457659.0,567,2023-06-30
359,35,Female,Pekerja Industri,4435000.0,748679.0,10,8,10804460.0,725,2025-01-03
360,22,Male,Petani,3230000.0,432603.0,7,4,9137327.0,725,2023-08-24
361,18,Female,Pedagang,11569000.0,773678.0,10,10,7834223.0,705,2024-07-07
362,18,Female,Nelayan,7540000.0,438627.0,17,5,11674392.0,742,2023-11-19
363,40,Male,Petani,1722000.0,327650.0,15,12,7014378.0,671,2024-10-10
364,18,Female,Petani,4624000.0,247809.0,29,0,6555644.0,647,2023-04-24
365,32,Male,Pegawai Negeri Sipil,17355000.0,823646.0,6,1,18650977.0,626,2023-06-14
366,50,Female,Pekerja Industri,7726000.0,655338.0,15,4,11790850.0,627,2023-07-01
367,38,Male,Petani,4234000.0,587235.0,17,1,12741574.0,688,2024-08-24
368,55,Male,Pedagang,13513000.0,425780.0,14,8,10068852.0,657,2024-08-05
369,29,Female,Pedagang,9454000.0,429416.0,18,2,15017268.0,630,2024-07-30
370,40,Male,Pegawai Negeri Sipil,4908000.0,525278.0,7,0,16144024.0,662,2023-10-25
371,38,Female,Pekerja Konstruksi,9597000.0,626855.0,27,0,10352701.0,680,2024-04-10
372,37,Female,Petani,1873000.0,253387.0,39,5,1000000.0,604,2023-08-06
373,36,Male,Pegawai Negeri Sipil,9887000.0,929118.0,12,7,14456784.0,641,2024-03-22
374,42,Male,Pedagang,10938000.0,857007.0,34,6,3915670.0,620,2024-01-12
375,39,Female,Pekerja Industri,6141000.0,354714.0,14,0,13861024.0,617,2023-04-03
376,18,Female,Petani,3828000.0,192755.0,24,7,10724664.0,612,2024-08-16
377,38,Male,Pekerja Industri,7412000.0,635163.0,13,0,16568941.0,679,2023-03-25
378,35,Male,Tenaga Kesehatan,15940000.0,983504.0,1,1,12276630.0,695,2023-08-05
379,18,Female,Petani,4424000.0,316934.0,22,13,4405035.0,649,2024-06-13
380,38,Male,Petani,1500000.0,100000.0,17,5,4063066.0,636,2024-12-04
381,32,Female,Pedagang,6763000.0,271308.0,21,4,16222846.0,546,2024-05-22
382,34,Male,Pekerja Rumah Tangga,4133000.0,228638.0,33,9,8388003.0,647,2023-11-21
383,35,Male,Pedagang,4303000.0,321009.0,27,8,9447068.0,655,2023-10-01
384,34,Female,Petani,3836000.0,318983.0,14,0,8064251.0,674,2023-12-10
385,40,Female,Pekerja Industri,8398000.0,537706.0,25,7,12301875.0,628,2023-09-05
386,30,Male,Petani,2552000.0,504041.0,22,5,6851567.0,646,2024-01-12
387,20,Female,Pedagang,9721000.0,540278.0,10,8,9936326.0,712,2023-10-15
388,33,Male,Petani,2815000.0,400097.0,8,8,7221281.0,705,2024-06-08
389,42,Female,Tenaga Kesehatan,12132000.0,558080.0,29,0,15782170.0,679,2024-06-26
390,21,Male,Pegawai Negeri Sipil,6617000.0,612179.0,23,2,5731030.0,685,2025-01-13
391,25,Female,Pegawai Negeri Sipil,16274000.0,701660.0,18,0,17917255.0,672,2024-10-24
392,32,Female,Pedagang,13056000.0,496258.0,2,2,17353813.0,648,2023-03-21
393,25,Female,Pekerja Industri,9996000.0,611573.0,22,0,10244486.0,562,2023-08-15
394,53,Female,Guru,9827000.0,572961.0,18,11,13514851.0,596,2024-11-20
395,31,Female,Pegawai Negeri Sipil,11197000.0,688473.0,0,0,4061026.0,697,2024-08-29
396,18,Male,Pedagang,3875000.0,320006.0,25,9,13791894.0,659,2023-05-22
397,41,Male,Pekerja Industri,5692000.0,417772.0,20,5,5338702.0,665,2023-03-15
398,26,Male,Pekerja Industri,4052000.0,888642.0,16,2,2250389.0,649,2024-01-27
399,18,Female,Pekerja Industri,6140000.0,388389.0,17,1,4195096.0,655,2024-07-19
400,33,Male,Pekerja Industri,5977000.0,487607.0,24,1,4294323.0,627,2024-01-14
401,30,Male,Petani,3556000.0,627141.0,30,23,2392807.0,620,2024-08-11
402,25,Female,Guru,10844000.0,793939.0,22,0,8747870.0,646,2023-12-06
403,23,Male,Pekerja Industri,5406000.0,483980.0,36,1,14480830.0,587,2023-11-26
404,41,Female,Pedagang,12014000.0,556956.0,10,2,19395787.0,645,2023-03-11
405,26,Female,Pedagang,4006000.0,571254.0,14,4,6640315.0,736,2024-07-04
406,24,Female,Petani,1500000.0,100000.0,9,5,12247441.0,661,2024-02-24
407,29,Female,Pedagang,8785000.0,729937.0,11,1,15807010.0,621,2025-01-10
408,22,Female,Pedagang,10102000.0,516952.0,1,1,3447183.0,699,2024-03-12
409,49,Female,Pedagang,13605000.0,815403.0,18,8,11428739.0,713,2023-03-02
410,34,Male,Petani,1986000.0,327643.0,8,5,8510008.0,741,2024-08-21
411,23,Female,Guru,6406000.0,548162.0,16,1,10162546.0,696,2023-12-28
412,42,Male,Petani,3649000.0,310494.0,3,0,4154426.0,746,2024-02-29
413,38,Male,Pedagang,10471000.0,333663.0,20,0,9833544.0,667,2023-10-10
414,46,Male,Petani,3707000.0,392417.0,6,6,9513008.0,695,2024-06-07
415,41,Male,Pekerja Industri,5198000.0,410012.0,13,10,3659065.0,649,2023-10-04
416,22,Female,Petani,1713000.0,304101.0,13,1,7857377.0,674,2024-08-09
417,41,Male,Petani,1893000.0,435227.0,29,7,5723506.0,612,2023-02-16
418,26,Male,Pekerja Industri,5211000.0,404135.0,0,0,11146416.0,694,2023-07-01
419,34,Female,Guru,4229000.0,433093.0,13,8,1000000.0,637,2024-11-28
420,40,Female,Pekerja Industri,7989000.0,404449.0,17,12,11184976.0,662,2023-03-31
421,45,Female,Pekerja Industri,7698000.0,502659.0,35,5,13790121.0,519,2024-06-07
422,34,Male,Pekerja Industri,6684000.0,167868.0,7,7,10766849.0,674,2024-07-02
423,18,Male,Petani,4727000.0,448534.0,11,2,7294090.0,641,2023-06-12
424,34,Male,Petani,3280000.0,335900.0,13,7,13314900.0,714,2024-07-02
425,33,Male,Pegawai Negeri Sipil,15512000.0,759113.0,0,0,18932368.0,601,2024-04-13
426,44,Male,Petani,1982000.0,354836.0,33,0,9089759.0,618,2024-10-24
427,49,Male,Pegawai Negeri Sipil,6856000.0,473726.0,17,8,4834714.0,621,2024-08-23
428,40,Male,Pedagang,13143000.0,595749.0,12,5,15326080.0,637,2024-09-13
429,30,Female,Pedagang,9656000.0,505833.0,4,0,14062277.0,686,2023-11-10
430,27,Female,Pedagang,9647000.0,814104.0,28,0,3191964.0,679,2023-11-05
431,49,Male,Tenaga Kesehatan,17174000.0,730182.0,22,9,14621496.0,642,2024-08-16
432,37,Female,Pedagang,10429000.0,612106.0,0,0,16813713.0,726,2024-05-24
433,32,Female,Pekerja Konstruksi,7712000.0,583031.0,13,7,8514406.0,625,2024-05-20
434,62,Male,Tenaga Kesehatan,5492000.0,222403.0,14,0,12627892.0,661,2024-09-06
435,45,Male,Pekerja Industri,7374000.0,403882.0,11,0,14814169.0,609,2023-11-22
436,36,Male,Pekerja Industri,8608000.0,728643.0,6,6,10939762.0,773,2024-02-18
437,26,Female,Petani,3647000.0,500774.0,18,7,7380453.0,700,2024-10-05
438,19,Female,Petani,2106000.0,252757.0,22,1,7477913.0,653,2023-01-31
439,29,Female,Pegawai Negeri Sipil,10071000.0,285504.0,13,11,13948961.0,672,2023-12-03
440,40,Male,Pekerja Industri,5343000.0,300962.0,15,0,11474078.0,580,2023-05-27
441,49,Male,Pedagang,13528000.0,771928.0,15,1,15227064.0,610,2024-08-22
442,44,Female,Nelayan,2377000.0,242748.0,10,7,5164712.0,634,2024-01-22
443,26,Female,Pedagang,5766000.0,468483.0,25,16,1190772.0,694,2024-11-20
444,41,Female,Pedagang,13239000.0,351396.0,13,0,8442390.0,609,2024-05-31
445,55,Female,Pedagang,3509000.0,173383.0,8,2,1000000.0,729,2023-12-08
446,29,Female,Pedagang,10233000.0,533982.0,0,0,10523672.0,648,2024-08-03
447,44,Female,Petani,2161000.0,210664.0,13,7,7577917.0,588,2023-09-01
448,26,Female,Pedagang,13159000.0,682794.0,18,18,8984923.0,612,2024-08-22
449,35,Male,Pedagang,13936000.0,570684.0,5,0,16197618.0,650,2024-04-15
450,45,Male,Petani,4180000.0,325149.0,35,7,5902496.0,548,2023-03-03
451,56,Male,Pekerja Rumah Tangga,4748000.0,391147.0,19,0,8431444.0,737,2024-10-17
452,48,Male,Pedagang,14818000.0,831493.0,18,9,12999184.0,601,2023-07-15
453,25,Female,Petani,2477000.0,376265.0,38,2,12680023.0,682,2024-04-07
454,27,Male,Petani,3614000.0,450851.0,27,6,5413535.0,570,2023-08-17
455,36,Male,Pekerja Industri,7046000.0,736080.0,11,1,6553030.0,690,2024-05-01
456,47,Female,Petani,3750000.0,650015.0,9,4,6519733.0,664,2024-05-10
457,38,Male,Pekerja Industri,9977000.0,482444.0,13,9,6874881.0,576,2023-08-05
458,44,Female,Pekerja Industri,9985000.0,338306.0,8,2,14392025.0,638,2024-10-17
459,29,Male,Tenaga Kesehatan,8711000.0,700003.0,11,0,20156034.0,666,2024-12-27
460,49,Female,Pegawai Negeri Sipil,17207000.0,776236.0,31,0,11677701.0,597,2023-06-10
461,33,Female,Guru,3357000.0,508192.0,15,6,9645890.0,633,2024-05-14
462,40,Male,Pedagang,11339000.0,579267.0,16,15,10537282.0,678,2024-09-15
463,22,Male,Pekerja Industri,6921000.0,392304.0,18,0,12990745.0,651,2024-06-24
464,41,Female,Pekerja Industri,6698000.0,698218.0,30,5,13695173.0,597,2024-02-13
465,48,Male,Pegawai Negeri Sipil,12674000.0,592660.0,24,5,19273368.0,624,2023-12-07
466,36,Female,Pekerja Industri,5945000.0,488741.0,15,8,14816616.0,568,2024-08-13
467,33,Male,Pedagang,8693000.0,394037.0,8,5,11001484.0,706,2025-01-15
468,26,Male,Tenaga Kesehatan,10312000.0,465966.0,21,9,10121047.0,643,2024-12-01
469,24,Female,Pekerja Industri,6492000.0,514123.0,7,6,9363394.0,667,2024-08-06
470,21,Female,Pekerja Industri,6195000.0,435297.0,16,2,8122294.0,648,2024-07-31
471,27,Male,Pedagang,14367000.0,556845.0,24,3,14318364.0,646,2024-11-29
472,49,Female,Pedagang,6313000.0,436779.0,16,7,15226836.0,630,2024-02-02
473,51,Female,Pekerja Konstruksi,8896000.0,517244.0,3,3,7853507.0,607,2024-02-09
474,32,Female,Pekerja Konstruksi,7347000.0,702929.0,11,6,9365567.0,674,2024-04-26
475,47,Female,Pedagang,7458000.0,780957.0,16,14,5081698.0,743,2024-12-16
476,27,Male,Pekerja Industri,9591000.0,411764.0,34,8,11582128.0,707,2024-10-09
477,44,Male,Petani,3969000.0,298640.0,10,9,1000000.0,753,2024-04-25
478,44,Male,Pekerja Rumah Tangga,4493000.0,583368.0,3,3,6199748.0,660,2023-08-07
479,31,Male,Guru,7447000.0,805563.0,14,5,8886558.0,634,2024-01-06
480,43,Female,Petani,4836000.0,325259.0,13,2,13122715.0,681,2023-11-20
481,25,Female,Sopir,5963000.0,380514.0,4,4,6224166.0,619,2024-06-18
482,19,Male,Sopir,3727000.0,349193.0,2,0,8661591.0,721,2024-08-18
483,29,Male,Guru,6764000.0,635170.0,18,15,10458750.0,599,2024-10-23
484,32,Male,Pedagang,8655000.0,323493.0,17,0,17207100.0,665,2024-09-14
485,44,Male,Petani,2740000.0,671555.0,27,1,12530559.0,635,2024-04-13
486,44,Female,Pekerja Konstruksi,8437000.0,558814.0,24,6,13146366.0,627,2024-07-31
487,42,Male,Tenaga Kesehatan,18753000.0,686413.0,10,8,13094156.0,572,2023-03-23
488,45,Male,Pekerja Industri,9575000.0,670437.0,17,0,10362566.0,614,2024-05-02
489,46,Female,Guru,3643000.0,285678.0,29,7,6871788.0,581,2023-02-03
490,46,Female,Pedagang,3387000.0,396555.0,5,0,11029410.0,603,2024-04-17
491,33,Male,Petani,3225000.0,229382.0,6,3,8944784.0,710,2023-02-07
492,43,Male,Pekerja Konstruksi,5350000.0,521131.0,20,4,1000000.0,596,2024-03-20
493,25,Female,Pekerja Industri,7864000.0,495617.0,41,3,11602333.0,660,2023-08-19
494,33,Female,Pegawai Negeri Sipil,10076000.0,607048.0,13,6,14553200.0,620,2023-09-12
495,32,Female,Pedagang,7232000.0,609175.0,24,11,8926840.0,629,2024-02-12
496,43,Male,Pekerja Rumah Tangga,3400000.0,556674.0,14,7,9099655.0,677,2024-11-05
497,40,Female,Petani,4900000.0,488203.0,4,4,12894687.0,669,2024-01-21
498,44,Male,Petani,2990000.0,353431.0,17,1,2818968.0,664,2024-01-13
499,19,Female,Pekerja Industri,6715000.0,770493.0,11,5,11541473.0,629,2023-03-25
500,41,Female,Petani,2343000.0,324651.0,20,3,10408481.0,637,2024-07-08
501,42,Male,Petani,1500000.0,415520.0,17,10,2903618.0,719,2024-05-26
502,39,Male,Pekerja Industri,4992000.0,452646.0,10,10,13208572.0,654,2023-04-24
503,22,Female,Guru,10278000.0,576175.0,5,5,10847278.0,639,2023-11-07
504,55,Female,Pedagang,10900000.0,867777.0,10,10,12655435.0,621,2023-12-30
505,38,Female,Pedagang,9777000.0,514768.0,29,0,6883891.0,622,2024-03-19
506,43,Male,Pekerja Konstruksi,8239000.0,406253.0,18,2,8248447.0,624,2023-08-16
507,24,Female,Pedagang,10005000.0,732759.0,8,0,12028522.0,644,2023-04-30
508,34,Female,Pekerja Industri,7249000.0,331089.0,0,0,10964419.0,642,2024-09-14
509,37,Male,Pedagang,12091000.0,471437.0,23,0,12979535.0,552,2023-05-23
510,47,Male,Petani,2733000.0,384678.0,17,12,11539399.0,699,2023-09-11
511,25,Male,Pekerja Industri,3409000.0,304268.0,0,0,3734094.0,643,2024-08-17
512,36,Male,Tenaga Kesehatan,20000000.0,1017152.0,9,5,18351263.0,570,2023-12-20
513,35,Female,Tenaga Kesehatan,16959000.0,1004719.0,17,12,23715605.0,573,2024-10-02
514,42,Female,Pegawai Negeri Sipil,17800000.0,755772.0,8,8,14277992.0,624,2024-01-31
515,18,Female,Pekerja Industri,8609000.0,219666.0,18,3,9573321.0,637,2024-07-18
516,46,Male,Tenaga Kesehatan,20000000.0,748358.0,4,4,17940441.0,768,2023-12-10
517,32,Male,Pedagang,11798000.0,402346.0,0,0,11992999.0,679,2023-03-08
518,36,Male,Pekerja Industri,3343000.0,526239.0,1,1,2735946.0,706,2023-11-20
519,35,Male,Guru,12058000.0,312476.0,19,8,12182754.0,609,2024-03-02
520,50,Male,Pedagang,11934000.0,637188.0,12,12,13054972.0,670,2023-04-07
521,39,Male,Pegawai Negeri Sipil,12988000.0,776327.0,18,10,15447392.0,640,2024-06-08
522,30,Male,Pegawai Negeri Sipil,12359000.0,527629.0,0,0,6215242.0,670,2023-04-21
523,31,Female,Petani,4160000.0,101867.0,10,5,11626790.0,640,2024-10-11
524,26,Male,Petani,1696000.0,235320.0,21,1,1000000.0,659,2024-04-21
525,18,Male,Pedagang,12933000.0,801621.0,3,1,9553234.0,631,2023-07-15
526,18,Male,Pedagang,9798000.0,503011.0,14,14,10842293.0,679,2024-11-23
527,39,Male,Guru,6411000.0,654996.0,21,0,1378082.0,676,2023-02-21
528,46,Male,Pegawai Negeri Sipil,11394000.0,710996.0,13,1,12900139.0,616,2023-07-05
529,32,Male,Nelayan,3718000.0,433823.0,16,1,8594656.0,657,2024-08-15
530,48,Male,Guru,7330000.0,762595.0,9,1,13171151.0,622,2023-09-17
531,39,Female,Petani,4175000.0,230138.0,21,9,11595260.0,556,2023-05-25
532,42,Female,Nelayan,2013000.0,162283.0,0,0,7049819.0,664,2023-07-18
533,37,Female,Guru,4586000.0,351460.0,12,4,5479888.0,717,2023-12-04
534,24,Male,Pekerja Industri,3375000.0,318764.0,17,5,1759324.0,692,2023-12-31
535,26,Female,Guru,5722000.0,293003.0,35,0,10805121.0,587,2024-07-24
536,52,Male,Pegawai Negeri Sipil,18481000.0,879706.0,14,8,17545160.0,639,2024-01-09
537,33,Female,Petani,4905000.0,553569.0,20,0,12526760.0,682,2023-03-08
538,27,Male,Pedagang,3329000.0,903919.0,23,0,8105178.0,635,2024-06-08
539,34,Female,Guru,9374000.0,475484.0,16,7,3038897.0,690,2023-09-26
540,37,Male,Pegawai Negeri Sipil,11509000.0,297685.0,36,0,7051606.0,722,2023-12-22
541,18,Male,Nelayan,4621000.0,428543.0,4,0,6156011.0,607,2024-07-07
542,31,Female,Pekerja Rumah Tangga,3394000.0,178005.0,36,0,4615192.0,701,2023-01-24
543,33,Female,Petani,2629000.0,262890.0,9,5,8883683.0,686,2023-05-01
544,42,Female,Petani,4732000.0,225678.0,0,0,6487011.0,584,2024-05-10
545,52,Male,Petani,1593000.0,320800.0,27,1,6784451.0,636,2023-12-11
546,48,Male,Pekerja Industri,4638000.0,594432.0,13,0,1000000.0,610,2023-03-09
547,22,Female,Pekerja Industri,9036000.0,231144.0,17,9,8543068.0,635,2023-12-10
548,48,Female,Petani,3660000.0,468515.0,17,9,8910160.0,611,2024-03-15
549,30,Male,Pedagang,6609000.0,538739.0,9,0,6719813.0,686,2023-10-22
550,18,Female,Pedagang,14699000.0,721991.0,24,0,6024029.0,669,2024-05-15
551,24,Male,Petani,3245000.0,148395.0,33,4,1000000.0,726,2025-01-15
552,31,Female,Pegawai Negeri Sipil,15152000.0,645467.0,8,3,17043201.0,639,2024-06-04
553,31,Female,Nelayan,7677000.0,769856.0,20,0,14962459.0,659,2025-01-03
554,39,Male,Nelayan,6809000.0,692642.0,0,0,12200227.0,627,2024-01-02
555,33,Male,Pekerja Konstruksi,7542000.0,533608.0,0,0,14708873.0,597,2023-07-22
556,40,Female,Petani,3832000.0,286931.0,24,4,5750435.0,716,2024-10-18
557,33,Male,Petani,2609000.0,554336.0,41,12,9288929.0,631,2023-03-24
558,42,Male,Pekerja Konstruksi,3970000.0,474740.0,21,11,9658351.0,627,2024-03-28
559,42,Female,Pekerja Industri,4526000.0,257916.0,20,11,1000000.0,616,2024-01-24
560,33,Male,Pedagang,8333000.0,556665.0,25,7,11946444.0,588,2024-08-24
561,26,Male,Pekerja Industri,5730000.0,271189.0,23,1,9097899.0,568,2024-01-25
562,31,Male,Guru,12485000.0,613180.0,5,5,13727005.0,659,2023-11-19
563,42,Female,Sopir,2716000.0,126405.0,17,5,9910369.0,580,2024-02-03
564,55,Male,Petani,1500000.0,465201.0,27,8,3255685.0,639,2025-01-14
565,37,Male,Petani,2113000.0,100000.0,31,3,18684623.0,611,2024-07-19
566,48,Male,Tenaga Kesehatan,13274000.0,495511.0,3,3,11777697.0,664,2024-11-18
567,21,Male,Petani,1897000.0,489094.0,25,12,5900667.0,666,2024-09-18
568,32,Male,Petani,1500000.0,354334.0,28,7,10490838.0,674,2024-06-19
569,37,Female,Petani,3665000.0,605040.0,21,6,12322610.0,622,2023-11-26
570,31,Male,Petani,4338000.0,535731.0,23,8,6882031.0,599,2023-07-28
571,32,Female,Nelayan,5834000.0,260020.0,17,0,4766167.0,645,2023-05-02
572,44,Female,Petani,4552000.0,525634.0,9,0,8001531.0,705,2024-05-29
573,45,Male,Petani,3567000.0,627159.0,8,7,1000000.0,705,2024-07-15
574,24,Female,Pedagang,5739000.0,433063.0,21,2,6882128.0,688,2024-10-04
575,28,Female,Guru,12787000.0,654441.0,17,12,16437416.0,609,2024-11-06
576,24,Male,Pedagang,9644000.0,313912.0,0,0,11876090.0,624,2023-08-31
577,38,Female,Petani,4445000.0,357381.0,19,4,10489690.0,591,2024-12-17
578,48,Male,Petani,2540000.0,100000.0,0,0,11983934.0,618,2024-11-02
579,20,Male,Tenaga Kesehatan,19910000.0,659424.0,7,1,17989793.0,727,2023-12-06
580,40,Male,Pekerja Rumah Tangga,3167000.0,187687.0,0,0,9094864.0,706,2024-09-03
581,24,Female,Pedagang,8915000.0,468914.0,0,0,13470229.0,630,2024-08-29
582,37,Female,Pedagang,6090000.0,471676.0,13,8,3885188.0,719,2023-04-10
583,19,Male,Petani,3815000.0,532293.0,0,0,9645707.0,636,2023-01-29
584,47,Female,Pedagang,13648000.0,680390.0,13,13,17114951.0,600,2024-03-12
585,25,Female,Tenaga Kesehatan,8083000.0,890443.0,4,0,9948353.0,719,2024-08-10
586,30,Female,Petani,3786000.0,654816.0,1,1,16246019.0,653,2024-02-17
587,27,Male,Pekerja Industri,3130000.0,343569.0,18,5,5992165.0,589,2023-02-18
588,29,Male,Pekerja Industri,8054000.0,405795.0,31,9,6821782.0,703,2023-03-18
589,35,Male,Sopir,7616000.0,329828.0,22,0,7792505.0,639,2023-10-31
590,49,Male,Petani,3369000.0,424516.0,8,8,4725597.0,623,2023-07-19
591,49,Female,Pedagang,9894000.0,602360.0,0,0,15205165.0,681,2024-04-13
592,40,Male,Pekerja Industri,4876000.0,458730.0,5,5,11805387.0,611,2023-04-03
593,38,Female,Pekerja Industri,5083000.0,543731.0,27,2,8395242.0,679,2023-09-26
594,20,Male,Pedagang,7594000.0,675434.0,3,2,8638905.0,664,2024-10-20
595,32,Female,Petani,1500000.0,341127.0,29,0,1943175.0,614,2023-09-06
596,29,Male,Pedagang,13785000.0,875236.0,21,0,13784560.0,572,2024-08-01
597,43,Male,Pedagang,13017000.0,770817.0,34,4,10382242.0,613,2024-09-16
598,43,Male,Petani,2314000.0,337352.0,3,0,8521872.0,668,2025-01-03
599,47,Male,Pekerja Industri,5656000.0,433626.0,22,0,15642430.0,583,2024-10-09
600,38,Female,Pedagang,4354000.0,489350.0,4,4,2248673.0,654,2024-03-07
601,44,Male,Pekerja Industri,4010000.0,145795.0,16,3,12148357.0,591,2023-02-03
602,27,Female,Pedagang,6708000.0,581196.0,19,4,13340624.0,686,2023-07-29
603,18,Female,Pedagang,13861000.0,792117.0,11,4,9756112.0,568,2023-09-13
604,39,Male,Pegawai Negeri Sipil,4394000.0,264726.0,16,2,6684538.0,663,2024-11-06
605,27,Male,Pekerja Industri,5814000.0,565244.0,6,6,12060754.0,643,2024-07-21
606,40,Female,Pekerja Rumah Tangga,4858000.0,756422.0,26,0,8499798.0,595,2023-05-26
607,40,Female,Tenaga Kesehatan,20000000.0,842329.0,34,9,19695635.0,614,2024-11-20
608,43,Female,Petani,1721000.0,788013.0,0,0,7779920.0,761,2023-01-28
609,23,Male,Pedagang,14826000.0,730452.0,10,7,13885260.0,664,2023-06-11
610,49,Female,Guru,13233000.0,782712.0,5,0,13591548.0,613,2023-05-18
611,40,Male,Petani,2488000.0,703741.0,17,7,5491766.0,648,2024-12-15
612,39,Female,Pedagang,6897000.0,556093.0,25,3,6928261.0,681,2023-08-07
613,37,Male,Petani,3306000.0,268211.0,0,0,1000000.0,726,2024-08-25
614,21,Female,Pedagang,3706000.0,456343.0,22,1,15783700.0,688,2024-02-03
615,49,Female,Sopir,2019000.0,594618.0,3,3,8484993.0,666,2024-02-11
616,58,Female,Pedagang,5125000.0,373206.0,23,0,7994459.0,651,2023-05-14
617,23,Male,Guru,10365000.0,352886.0,12,9,17665061.0,601,2023-03-01
618,44,Female,Petani,3959000.0,340164.0,27,17,10929583.0,559,2024-08-24
619,33,Female,Guru,3310000.0,409883.0,0,0,6539234.0,635,2024-08-23
620,50,Male,Petani,2732000.0,534685.0,18,8,6870322.0,665,2023-06-11
621,49,Male,Petani,1500000.0,209388.0,7,5,10521672.0,624,2023-10-26
622,35,Male,Petani,2957000.0,623935.0,10,0,11754041.0,651,2024-06-27
623,45,Male,Pedagang,6980000.0,489728.0,15,6,11547671.0,621,2024-03-21
624,51,Female,Pedagang,9093000.0,434460.0,35,0,8053783.0,506,2024-03-24
625,30,Male,Pedagang,4824000.0,590704.0,16,0,7100691.0,643,2023-04-05
626,34,Female,Pedagang,10103000.0,455046.0,14,0,12886172.0,547,2023-02-08
627,35,Female,Pegawai Negeri Sipil,15984000.0,746315.0,7,7,17333540.0,651,2023-07-25
628,39,Male,Petani,3691000.0,315665.0,17,4,5871657.0,633,2024-06-01
629,18,Male,Nelayan,8447000.0,448311.0,3,3,10439438.0,752,2025-01-07
630,39,Female,Petani,3892000.0,390407.0,22,0,8769447.0,716,2024-02-17
631,35,Male,Petani,3865000.0,307420.0,16,10,17120843.0,640,2023-06-12
632,35,Male,Pedagang,11959000.0,618605.0,31,8,14228564.0,597,2023-03-24
633,29,Male,Pekerja Industri,4499000.0,336837.0,34,4,12231551.0,549,2023-04-12
634,23,Female,Pedagang,5263000.0,457837.0,28,3,11691308.0,651,2024-03-05
635,31,Male,Tenaga Kesehatan,9910000.0,455122.0,14,8,6807662.0,682,2024-02-18
636,43,Female,Petani,2217000.0,171467.0,5,5,12075640.0,634,2023-10-28
637,23,Male,Guru,4486000.0,459652.0,14,1,14488085.0,599,2025-01-04
638,51,Female,Petani,4676000.0,500342.0,20,10,6407247.0,700,2023-06-22
639,19,Male,Petani,4452000.0,418121.0,26,12,6328804.0,601,2023-11-24
640,33,Male,Petani,1500000.0,163376.0,5,1,12797030.0,609,2024-08-27
641,31,Male,Pekerja Konstruksi,11460000.0,574295.0,24,0,10667047.0,607,2023-12-05
642,52,Male,Petani,1500000.0,308388.0,25,9,4446687.0,671,2023-03-23
643,35,Female,Guru,5775000.0,154261.0,23,0,15984634.0,654,2023-08-10
644,37,Male,Pekerja Industri,3810000.0,457159.0,12,1,2694071.0,658,2023-05-13
645,22,Female,Pedagang,3079000.0,190951.0,12,12,1844572.0,697,2023-06-18
646,51,Male,Pedagang,13665000.0,657317.0,8,8,7313101.0,693,2023-09-25
647,30,Male,Pedagang,2371000.0,528008.0,33,2,5645270.0,637,2025-01-09
648,44,Female,Pegawai Negeri Sipil,19360000.0,776977.0,13,13,15840023.0,669,2024-01-03
649,45,Female,Pedagang,10931000.0,990750.0,20,0,7276155.0,659,2024-09-24
650,36,Male,Guru,6109000.0,296296.0,42,3,16298555.0,608,2024-11-29
651,54,Female,Pegawai Negeri Sipil,6078000.0,343352.0,0,0,18784596.0,574,2024-02-15
652,21,Male,Pekerja Industri,6642000.0,510636.0,7,7,7594263.0,732,2023-08-08
653,38,Female,Pedagang,2371000.0,416984.0,9,3,1000000.0,694,2023-03-14
654,53,Female,Pedagang,3997000.0,350706.0,18,9,2816383.0,661,2023-05-30
655,28,Male,Petani,2431000.0,157242.0,21,0,8475516.0,613,2023-10-15
656,30,Male,Pekerja Konstruksi,7962000.0,522165.0,17,2,15257116.0,593,2023-04-16
657,54,Male,Petani,3990000.0,358514.0,26,9,20032703.0,561,2023-08-02
658,39,Male,Petani,4893000.0,547324.0,0,0,10008693.0,676,2023-07-08
659,18,Female,Petani,3930000.0,555203.0,4,4,5832714.0,670,2024-12-22
660,32,Male,Guru,12681000.0,1068032.0,31,9,7178968.0,605,2023-09-18
661,41,Male,Pedagang,5759000.0,431874.0,25,7,17155541.0,580,2023-06-14
662,27,Female,Guru,6356000.0,423008.0,12,4,1347349.0,615,2024-04-24
663,43,Female,Pekerja Industri,9904000.0,534510.0,18,12,16627496.0,622,2024-01-19
664,31,Female,Tenaga Kesehatan,6534000.0,320077.0,3,3,9285014.0,663,2023-07-26
665,42,Male,Petani,1500000.0,300794.0,18,7,11650919.0,613,2023-09-23
666,40,Male,Pegawai Negeri Sipil,17645000.0,988668.0,26,6,14746080.0,589,2023-08-14
667,32,Male,Petani,1500000.0,535933.0,18,6,7086400.0,702,2023-05-19
668,59,Male,Petani,2224000.0,729012.0,0,0,3615256.0,638,2023-04-22
669,27,Male,Petani,2665000.0,536291.0,25,7,15986120.0,589,2024-06-09
670,31,Female,Pekerja Industri,8188000.0,506098.0,13,4,10136554.0,620,2024-11-02
671,41,Male,Guru,5378000.0,661127.0,21,0,4374276.0,792,2023-06-04
672,46,Female,Pedagang,3572000.0,214020.0,10,9,9148335.0,724,2024-04-14
673,38,Female,Petani,4623000.0,311214.0,0,0,17425812.0,623,2023-11-06
674,31,Male,Petani,3119000.0,156186.0,23,12,5528779.0,707,2023-02-18
675,36,Female,Nelayan,5312000.0,262093.0,21,7,10061675.0,635,2024-02-17
676,28,Male,Petani,3610000.0,394708.0,3,3,1000000.0,731,2023-07-15
677,55,Female,Tenaga Kesehatan,15422000.0,581978.0,18,11,19588563.0,678,2023-08-23
678,26,Male,Pekerja Konstruksi,9294000.0,441330.0,19,10,8342673.0,671,2024-10-12
679,30,Female,Pedagang,5647000.0,304454.0,18,2,8441610.0,652,2024-08-11
680,44,Male,Nelayan,8591000.0,532421.0,3,3,10329415.0,663,2023-10-07
681,39,Male,Guru,13422000.0,643973.0,0,0,11091061.0,607,2024-06-20
682,27,Male,Petani,4812000.0,649098.0,9,0,2508388.0,682,2024-06-21
683,27,Male,Guru,8743000.0,454317.0,10,7,7785366.0,668,2023-01-23
684,42,Female,Sopir,4313000.0,381821.0,23,13,3375593.0,693,2023-05-31
685,35,Male,Pegawai Negeri Sipil,16844000.0,441230.0,11,5,15658880.0,655,2024-12-29
686,47,Female,Guru,8293000.0,662190.0,11,8,14079941.0,673,2025-01-08
687,40,Male,Petani,1500000.0,292711.0,19,4,5670870.0,676,2024-05-29
688,31,Female,Petani,1500000.0,156170.0,24,12,12499707.0,488,2024-03-03
689,32,Male,Pekerja Rumah Tangga,4754000.0,383285.0,17,5,2717933.0,651,2024-07-19
690,22,Female,Sopir,3932000.0,543514.0,0,0,5718655.0,663,2023-10-29
691,36,Female,Pekerja Industri,4547000.0,359820.0,22,4,5825733.0,682,2023-09-27
692,46,Female,Pekerja Industri,5049000.0,277490.0,31,7,10624569.0,672,2024-01-30
693,38,Male,Pedagang,3455000.0,286292.0,0,0,7859565.0,771,2024-07-26
694,42,Male,Pedagang,8093000.0,559402.0,21,7,16466866.0,544,2024-03-30
695,51,Female,Petani,1500000.0,221603.0,27,5,10054694.0,644,2024-05-22
696,51,Female,Tenaga Kesehatan,8508000.0,332764.0,29,5,9941625.0,616,2024-01-04
697,30,Female,Nelayan,3809000.0,398111.0,5,4,1000000.0,766,2024-12-13
698,18,Female,Petani,4552000.0,140480.0,15,3,11894200.0,646,2023-07-14
699,39,Male,Pekerja Konstruksi,3124000.0,342476.0,15,13,9498381.0,612,2023-06-09
700,29,Male,Pekerja Industri,5212000.0,560589.0,29,16,3783607.0,676,2024-11-14
701,40,Male,Pekerja Industri,9730000.0,709855.0,29,5,11671778.0,583,2024-09-13
702,34,Male,Petani,1756000.0,522579.0,16,4,8349935.0,591,2024-08-10
703,38,Female,Pedagang,10262000.0,695383.0,14,10,17472311.0,664,2024-08-18
704,58,Male,Pegawai Negeri Sipil,13727000.0,647592.0,29,8,16557843.0,679,2023-05-16
705,30,Female,Pedagang,12211000.0,480175.0,19,8,11740576.0,638,2023-05-26
706,38,Female,Guru,5434000.0,390694.0,18,10,12529231.0,623,2023-07-25
707,42,Male,Pegawai Negeri Sipil,5141000.0,774741.0,2,2,10809299.0,632,2023-10-16
708,34,Female,Sopir,5420000.0,300535.0,17,5,13354970.0,583,2024-05-18
709,21,Female,Petani,3549000.0,479509.0,16,0,8745421.0,674,2023-08-23
710,39,Female,Pedagang,11648000.0,788107.0,23,0,12255235.0,679,2023-08-10
711,42,Male,Pekerja Industri,9541000.0,825749.0,2,2,9085208.0,636,2023-10-28
712,38,Female,Sopir,5893000.0,556032.0,20,0,9312993.0,636,2024-08-14
713,28,Male,Pedagang,3115000.0,100000.0,9,9,9469958.0,672,2023-12-21
714,32,Female,Pedagang,6196000.0,519394.0,39,15,6593552.0,628,2023-10-05
715,38,Male,Pekerja Industri,6231000.0,532061.0,9,0,10150101.0,694,2024-03-25
716,42,Male,Pedagang,13095000.0,587467.0,28,5,9197546.0,660,2024-05-30
717,49,Male,Petani,1500000.0,235379.0,4,3,4014691.0,646,2023-05-24
718,44,Female,Petani,1500000.0,615651.0,33,19,11721325.0,606,2024-01-22
719,35,Female,Petani,3135000.0,570932.0,3,0,8395278.0,706,2024-01-29
720,42,Male,Petani,3066000.0,511955.0,0,0,13171677.0,706,2024-10-22
721,38,Male,Pedagang,2920000.0,247547.0,26,3,9404051.0,548,2024-11-05
722,26,Male,Pedagang,9257000.0,384853.0,3,0,7347269.0,662,2024-10-28
723,36,Male,Pedagang,8243000.0,681226.0,10,6,2405048.0,727,2023-08-02
724,37,Male,Pedagang,12492000.0,618622.0,16,14,11437957.0,692,2024-01-15
725,31,Female,Petani,1500000.0,455513.0,10,0,8849485.0,710,2024-03-31
726,54,Female,Petani,3242000.0,587495.0,10,5,5101122.0,633,2024-07-13
727,22,Male,Petani,4121000.0,504364.0,9,3,8214516.0,652,2023-03-11
728,42,Female,Petani,3438000.0,202270.0,15,8,7621402.0,638,2023-10-04
729,35,Male,Pekerja Industri,4929000.0,791953.0,8,0,8576314.0,697,2024-08-09
730,28,Male,Pedagang,3350000.0,181481.0,0,0,5519210.0,723,2024-10-26
731,30,Female,Tenaga Kesehatan,20000000.0,851427.0,18,9,13814619.0,595,2024-06-03
732,22,Female,Pedagang,7830000.0,336115.0,10,10,17006502.0,687,2023-08-21
733,32,Male,Pedagang,8763000.0,223808.0,0,0,13851253.0,594,2024-03-08
734,37,Male,Guru,4040000.0,176812.0,15,0,17351932.0,702,2023-12-08
735,34,Male,Pedagang,7823000.0,324754.0,18,9,12755564.0,605,2023-08-11
736,18,Male,Pedagang,4898000.0,276797.0,24,1,7770512.0,554,2023-08-07
737,37,Female,Petani,3271000.0,580218.0,29,0,14177989.0,704,2023-02-27
738,26,Male,Petani,3647000.0,340648.0,10,9,5164935.0,623,2023-10-10
739,44,Male,Pedagang,5237000.0,585236.0,19,17,3429581.0,629,2023-03-22
740,28,Female,Tenaga Kesehatan,19281000.0,935390.0,4,0,8592269.0,621,2024-01-02
741,46,Male,Sopir,4174000.0,262167.0,32,6,12383770.0,552,2024-10-05
742,22,Male,Petani,4110000.0,471867.0,5,4,7462613.0,623,2023-11-11
743,50,Male,Pedagang,9588000.0,471945.0,9,6,10684728.0,598,2023-02-16
744,39,Male,Guru,10469000.0,734494.0,18,18,18080196.0,670,2024-06-06
745,29,Male,Petani,3485000.0,279171.0,21,10,2516139.0,689,2023-10-23
746,29,Female,Pekerja Rumah Tangga,1652000.0,135325.0,25,0,6939785.0,632,2024-07-17
747,18,Female,Pedagang,4293000.0,732542.0,14,9,10686555.0,675,2023-12-13
748,46,Male,Pedagang,11084000.0,618125.0,0,0,9140711.0,629,2023-02-14
749,45,Male,Nelayan,9216000.0,494867.0,5,5,10832454.0,629,2024-01-29
750,22,Male,Guru,10075000.0,317649.0,13,6,11695390.0,714,2024-10-18
751,26,Male,Pegawai Negeri Sipil,10486000.0,575803.0,21,10,4318983.0,652,2024-03-16
752,54,Male,Tenaga Kesehatan,14358000.0,527683.0,3,3,13130345.0,659,2024-05-04
753,38,Male,Pekerja Industri,7232000.0,391361.0,24,0,11562374.0,599,2023-09-12
754,45,Male,Petani,4185000.0,513261.0,8,8,4960043.0,622,2023-08-06
755,28,Male,Pedagang,14901000.0,706907.0,28,1,12411448.0,588,2023-09-05
756,45,Male,Pegawai Negeri Sipil,16562000.0,769051.0,35,6,14577198.0,611,2023-05-18
757,30,Male,Guru,11338000.0,715180.0,17,2,11046517.0,631,2023-04-21
758,18,Male,Pedagang,12429000.0,510881.0,13,9,15910151.0,596,2024-05-11
759,21,Male,Pegawai Negeri Sipil,4144000.0,519372.0,17,5,9399367.0,659,2024-03-09
760,34,Female,Pedagang,13400000.0,793666.0,19,4,12864786.0,658,2023-07-28
761,36,Female,Petani,3812000.0,501323.0,21,11,10276349.0,682,2023-04-19
762,36,Male,Pedagang,10234000.0,525437.0,9,6,16308026.0,739,2024-06-08
763,33,Female,Pekerja Industri,6649000.0,485607.0,13,9,5378408.0,722,2024-04-23
764,38,Female,Pedagang,5780000.0,576279.0,11,11,13330944.0,673,2023-07-29
765,39,Female,Petani,2508000.0,507489.0,7,0,10077446.0,671,2023-06-04
766,21,Female,Petani,3082000.0,474365.0,6,0,1000000.0,740,2024-06-24
767,37,Male,Petani,4958000.0,422385.0,8,8,8449736.0,600,2023-05-17
768,40,Female,Pekerja Rumah Tangga,3009000.0,737800.0,24,0,5443588.0,638,2024-12-14
769,40,Male,Pegawai Negeri Sipil,7027000.0,205332.0,14,4,1723509.0,614,2023-05-17
770,38,Male,Guru,9752000.0,628753.0,9,2,10546830.0,627,2023-07-20
771,38,Male,Pedagang,14498000.0,723350.0,28,12,8845407.0,671,2023-02-07
772,29,Male,Pedagang,4516000.0,476274.0,31,0,8428377.0,648,2023-07-03
773,48,Male,Petani,4873000.0,319953.0,3,0,12316449.0,664,2024-01-26
774,28,Female,Sopir,3281000.0,687800.0,24,2,4420384.0,684,2024-03-22
775,37,Male,Petani,3084000.0,100000.0,21,10,14691621.0,599,2023-04-14
776,37,Male,Pedagang,13314000.0,807417.0,0,0,10595211.0,715,2024-05-16
777,36,Female,Pekerja Industri,9558000.0,830174.0,0,0,15417243.0,718,2023-12-15
778,18,Male,Petani,2297000.0,232364.0,5,2,16398462.0,617,2023-07-26
779,43,Female,Pedagang,14751000.0,805031.0,30,12,6596395.0,630,2023-01-25
780,26,Female,Pedagang,6996000.0,643565.0,13,9,11446372.0,622,2024-07-12
781,50,Male,Pedagang,12722000.0,907891.0,13,7,7286804.0,714,2024-02-22
782,38,Male,Sopir,2132000.0,100000.0,26,6,1662321.0,605,2023-09-13
783,26,Female,Pegawai Negeri Sipil,18722000.0,787268.0,22,8,20837819.0,595,2023-12-15
784,33,Female,Pedagang,5648000.0,491885.0,33,14,9883219.0,644,2024-07-25
785,37,Male,Pedagang,12280000.0,631688.0,25,3,4667801.0,639,2023-06-30
786,27,Female,Petani,4651000.0,586418.0,9,9,4701227.0,656,2023-12-31
787,38,Male,Pegawai Negeri Sipil,14202000.0,535525.0,32,0,17799223.0,598,2023-10-27
788,35,Female,Petani,4095000.0,687782.0,12,7,1948685.0,660,2023-11-26
789,42,Male,Pegawai Negeri Sipil,12693000.0,681486.0,4,4,15293656.0,688,2025-01-17
790,46,Male,Petani,3427000.0,520405.0,0,0,9223388.0,693,2024-04-19
791,24,Female,Pegawai Negeri Sipil,17132000.0,850419.0,19,0,16325662.0,627,2024-09-30
792,54,Female,Pedagang,5764000.0,443713.0,39,10,13062880.0,663,2024-04-30
793,37,Female,Pekerja Konstruksi,8882000.0,622508.0,6,6,10986052.0,679,2024-10-07
794,52,Male,Petani,4825000.0,605947.0,0,0,11801520.0,711,2024-12-10
795,28,Male,Petani,3780000.0,519224.0,18,3,4912762.0,735,2024-01-31
796,49,Male,Petani,3329000.0,276281.0,4,1,8198867.0,598,2023-01-29
797,44,Male,Sopir,6505000.0,525284.0,13,13,4927627.0,598,2023-12-11
798,49,Female,Pedagang,12481000.0,628650.0,46,4,14896213.0,513,2023-07-13
799,24,Male,Tenaga Kesehatan,17737000.0,758247.0,25,7,18736518.0,546,2023-02-21
800,28,Female,Guru,3790000.0,513554.0,30,5,8635222.0,574,2024-01-23
801,40,Female,Pekerja Industri,8768000.0,607003.0,32,12,15209523.0,644,2023-07-21
802,38,Male,Petani,1500000.0,421590.0,6,6,3878447.0,733,2023-10-19
803,30,Female,Guru,6964000.0,564993.0,17,6,6355886.0,699,2023-08-24
804,30,Male,Guru,8193000.0,395286.0,23,4,21617689.0,538,2024-09-01
805,33,Female,Petani,4374000.0,555179.0,14,9,3574953.0,710,2023-09-07
806,33,Male,Pedagang,7494000.0,309622.0,20,9,9699404.0,592,2024-08-05
807,33,Male,Sopir,3906000.0,229975.0,5,5,3551567.0,640,2024-06-28
808,30,Male,Tenaga Kesehatan,20000000.0,816732.0,13,8,17495534.0,584,2024-05-12
809,29,Female,Pedagang,4505000.0,597548.0,8,0,17912372.0,609,2024-11-18
810,41,Female,Petani,1540000.0,516683.0,9,2,9102316.0,620,2024-02-27
811,46,Male,Pekerja Industri,8973000.0,684165.0,15,11,2814442.0,629,2024-08-22
812,42,Female,Pegawai Negeri Sipil,10806000.0,803557.0,2,2,8530662.0,647,2023-10-29
813,36,Male,Pekerja Konstruksi,7253000.0,672841.0,8,2,5413292.0,656,2025-01-20
814,24,Female,Petani,3597000.0,127986.0,7,3,5092246.0,704,2023-06-22
815,43,Male,Pedagang,6634000.0,745341.0,18,12,8915554.0,664,2024-05-05
816,51,Female,Pekerja Industri,6485000.0,258709.0,4,4,5222328.0,671,2023-04-02
817,35,Female,Pekerja Industri,7399000.0,614599.0,19,2,9061338.0,662,2023-12-28
818,37,Male,Petani,3349000.0,665167.0,10,4,12385747.0,613,2024-07-31
819,39,Female,Petani,3501000.0,238303.0,13,1,8143100.0,706,2024-08-17
820,62,Female,Pekerja Konstruksi,10131000.0,769529.0,40,3,14679648.0,700,2025-01-14
821,34,Male,Tenaga Kesehatan,12933000.0,727946.0,12,2,7124946.0,670,2024-09-29
822,42,Male,Petani,4285000.0,506577.0,25,5,13023154.0,622,2023-08-26
823,18,Female,Petani,4238000.0,280817.0,13,8,2569959.0,624,2023-02-05
824,40,Female,Guru,9024000.0,540676.0,1,0,7200655.0,735,2024-04-29
825,18,Male,Pedagang,4211000.0,400454.0,13,9,6386905.0,694,2023-07-30
826,31,Female,Pedagang,9527000.0,412973.0,21,8,8524468.0,642,2024-01-30
827,33,Male,Pedagang,14498000.0,666335.0,12,0,11894134.0,766,2024-02-18
828,21,Female,Pedagang,4318000.0,750149.0,30,1,12316235.0,615,2023-07-19
829,45,Male,Guru,5131000.0,232500.0,13,5,1315240.0,732,2023-11-12
830,20,Female,Pedagang,11267000.0,447075.0,21,0,8281577.0,685,2024-09-30
831,49,Male,Petani,4251000.0,121277.0,12,4,4710530.0,680,2023-06-17
832,38,Male,Pedagang,11869000.0,755750.0,2,2,14967980.0,611,2024-03-20
833,36,Male,Pekerja Industri,5692000.0,527466.0,1,0,8755841.0,679,2024-08-27
834,37,Male,Guru,14814000.0,609207.0,19,5,15113344.0,719,2024-05-14
835,52,Female,Pedagang,9160000.0,411280.0,25,8,16908261.0,559,2024-04-12
836,18,Male,Petani,2878000.0,493461.0,14,0,1000000.0,643,2023-09-05
837,39,Male,Petani,3372000.0,372077.0,0,0,6194477.0,690,2024-10-27
838,32,Female,Tenaga Kesehatan,20000000.0,1007946.0,4,2,18110580.0,729,2024-05-23
839,36,Female,Pegawai Negeri Sipil,19549000.0,1168493.0,16,3,20268046.0,680,2023-08-27
840,23,Female,Nelayan,2670000.0,370548.0,12,9,9779741.0,587,2023-06-30
841,46,Female,Pedagang,3342000.0,291031.0,8,0,12092100.0,599,2024-08-09
842,35,Male,Petani,4768000.0,228889.0,9,0,5698717.0,611,2023-05-02
843,24,Male,Petani,1500000.0,100000.0,0,0,13287077.0,726,2024-04-22
844,23,Male,Petani,1828000.0,519339.0,10,4,4968035.0,638,2024-04-13
845,34,Male,Pekerja Industri,9407000.0,500833.0,15,0,17760599.0,618,2023-10-30
846,18,Male,Pekerja Industri,7244000.0,451317.0,16,10,4691029.0,641,2024-12-22
847,50,Male,Pekerja Industri,8367000.0,735844.0,36,12,13015130.0,532,2024-02-15
848,20,Female,Petani,2844000.0,100000.0,3,3,6448232.0,760,2023-10-27
849,39,Female,Sopir,6984000.0,371012.0,0,0,8988423.0,718,2024-06-13
850,35,Male,Sopir,7277000.0,635770.0,19,3,7668884.0,673,2023-05-11
851,40,Female,Petani,3223000.0,367276.0,13,6,1000000.0,706,2023-05-07
852,35,Female,Pedagang,5487000.0,379263.0,14,14,1635711.0,627,2023-07-31
853,25,Female,Pegawai Negeri Sipil,6087000.0,665829.0,19,9,4041220.0,710,2024-08-19
854,37,Female,Pegawai Negeri Sipil,10414000.0,372194.0,9,9,7943337.0,602,2024-07-19
855,25,Female,Petani,4197000.0,295521.0,15,5,11466931.0,618,2024-06-30
856,39,Female,Petani,3741000.0,235102.0,27,4,12516497.0,651,2024-12-25
857,32,Female,Petani,1585000.0,268709.0,11,3,4441902.0,688,2024-03-14
858,26,Female,Sopir,3293000.0,242760.0,14,5,5450345.0,741,2024-04-24
859,30,Female,Petani,4220000.0,451788.0,19,10,9224130.0,578,2024-05-25
860,42,Male,Pedagang,4511000.0,643206.0,28,12,8972581.0,596,2024-05-04
861,45,Female,Pedagang,7083000.0,295721.0,13,8,6507372.0,618,2023-12-14
862,43,Male,Pekerja Konstruksi,3370000.0,546080.0,11,10,8986404.0,653,2025-01-04
863,18,Female,Guru,7205000.0,506469.0,31,9,10824631.0,663,2023-09-25
864,39,Male,Pekerja Rumah Tangga,4835000.0,523721.0,4,4,18927820.0,605,2025-01-16
865,30,Female,Pekerja Industri,9879000.0,562896.0,13,3,11670682.0,716,2024-09-19
866,44,Female,Pedagang,9581000.0,573486.0,16,0,10149586.0,672,2024-10-24
867,40,Male,Petani,3339000.0,352741.0,15,3,1331027.0,739,2024-12-31
868,23,Male,Pekerja Industri,9160000.0,797391.0,0,0,7641936.0,722,2024-02-04
869,35,Male,Petani,4066000.0,580640.0,7,0,7995777.0,692,2023-11-24
870,34,Male,Pedagang,6731000.0,323161.0,11,5,13585501.0,625,2024-04-27
871,47,Male,Guru,5875000.0,146095.0,36,2,9363756.0,643,2025-01-19
872,20,Female,Pedagang,6551000.0,455613.0,0,0,8394508.0,660,2023-06-29
873,23,Male,Pedagang,10877000.0,747742.0,21,8,18375828.0,647,2023-07-30
874,18,Male,Guru,6552000.0,761131.0,28,2,3836695.0,598,2024-01-31
875,50,Male,Nelayan,8691000.0,397383.0,26,12,7669617.0,621,2024-01-16
876,31,Female,Tenaga Kesehatan,12500000.0,677021.0,11,3,17822433.0,660,2023-12-28
877,33,Male,Petani,3768000.0,421965.0,8,0,4059527.0,679,2024-06-19
878,26,Female,Petani,1500000.0,247286.0,18,15,11019890.0,691,2024-03-14
879,34,Female,Pegawai Negeri Sipil,19280000.0,874340.0,6,0,13778594.0,622,2024-09-04
880,30,Male,Pedagang,8393000.0,346478.0,22,0,12017319.0,659,2024-11-25
881,47,Male,Guru,10216000.0,610853.0,19,8,15119239.0,603,2024-04-09
882,34,Male,Guru,13791000.0,934285.0,21,0,11734212.0,611,2023-07-06
883,33,Female,Petani,2337000.0,529549.0,28,2,15961024.0,640,2023-10-29
884,32,Female,Pedagang,12333000.0,636905.0,4,4,14391185.0,662,2024-11-20
885,28,Female,Petani,1500000.0,491994.0,1,1,8726462.0,692,2023-12-23
886,24,Female,Petani,2152000.0,298863.0,3,3,1726948.0,703,2024-02-22
887,39,Female,Pekerja Industri,9059000.0,252611.0,1,1,12178300.0,723,2023-03-31
888,33,Female,Nelayan,6729000.0,381019.0,30,0,9953706.0,525,2024-01-09
889,45,Female,Pekerja Industri,8137000.0,744634.0,28,8,8878132.0,609,2024-12-03
890,56,Male,Petani,1500000.0,511459.0,17,8,1098413.0,684,2023-10-10
891,31,Female,Pedagang,3250000.0,232253.0,16,0,11002892.0,635,2023-09-05
892,37,Male,Pegawai Negeri Sipil,15233000.0,904805.0,15,9,21849606.0,669,2024-12-30
893,30,Female,Petani,1500000.0,512249.0,15,15,10846046.0,606,2024-01-27
894,24,Female,Pedagang,7677000.0,558746.0,5,5,12068442.0,675,2023-11-05
895,39,Male,Pekerja Industri,3362000.0,311509.0,20,6,11773947.0,582,2024-04-29
896,25,Female,Nelayan,4580000.0,314258.0,15,0,6936498.0,671,2023-03-07
897,46,Female,Pedagang,11161000.0,412087.0,7,0,6562009.0,708,2023-10-31
898,31,Male,Tenaga Kesehatan,20000000.0,939578.0,10,3,16650064.0,688,2023-11-05
899,40,Male,Pedagang,8762000.0,279368.0,19,0,11850613.0,685,2025-01-01
900,24,Female,Petani,1500000.0,387913.0,11,7,13458789.0,668,2024-01-04
901,32,Male,Petani,3463000.0,367397.0,5,5,10270562.0,609,2024-04-16
902,48,Female,Pekerja Konstruksi,11955000.0,450626.0,4,4,16391411.0,655,2023-07-06
903,20,Female,Guru,5819000.0,374897.0,22,7,16662082.0,640,2023-07-28
904,18,Male,Tenaga Kesehatan,20000000.0,1048938.0,20,4,11312840.0,649,2023-03-24
905,32,Female,Petani,4641000.0,562434.0,16,6,7296206.0,701,2024-08-26
906,41,Female,Tenaga Kesehatan,14612000.0,624770.0,23,3,18350096.0,555,2024-12-10
907,38,Female,Pedagang,6741000.0,624778.0,23,5,10656075.0,653,2024-02-21
908,45,Female,Pedagang,11898000.0,866254.0,16,7,16633778.0,592,2023-09-09
909,45,Female,Pekerja Rumah Tangga,2621000.0,638985.0,19,11,12919483.0,649,2023-08-13
910,40,Female,Petani,1500000.0,250526.0,21,8,5820456.0,690,2024-05-12
911,34,Female,Petani,2812000.0,389006.0,0,0,2285288.0,635,2024-12-18
912,39,Female,Pedagang,10116000.0,388179.0,17,5,8353826.0,564,2023-05-09
913,36,Male,Pedagang,4750000.0,565785.0,12,5,3406540.0,706,2023-08-29
914,33,Female,Petani,1500000.0,337975.0,15,4,10100346.0,677,2023-09-24
915,26,Male,Guru,14007000.0,568880.0,9,0,9158867.0,718,2024-12-24
916,40,Female,Petani,4735000.0,464299.0,24,2,9980687.0,607,2024-02-13
917,39,Male,Pekerja Industri,3674000.0,416635.0,5,5,5759585.0,688,2023-08-11
918,18,Female,Pedagang,2841000.0,746424.0,31,5,12995094.0,581,2023-11-11
919,39,Female,Pekerja Rumah Tangga,2947000.0,398349.0,0,0,2748422.0,659,2024-02-12
920,31,Female,Guru,11572000.0,482797.0,8,1,11645096.0,646,2025-01-14
921,19,Female,Pegawai Negeri Sipil,10977000.0,730617.0,22,15,7002379.0,610,2023-06-18
922,32,Female,Pekerja Rumah Tangga,3081000.0,482494.0,22,8,9243789.0,651,2023-12-25
923,45,Female,Petani,4888000.0,675449.0,0,0,4489935.0,713,2023-05-18
924,42,Female,Tenaga Kesehatan,20000000.0,1004291.0,17,2,17018815.0,620,2023-07-22
925,37,Female,Pedagang,2634000.0,123780.0,11,8,18261751.0,592,2023-03-05
926,40,Male,Petani,2503000.0,706654.0,30,9,14083740.0,618,2024-01-25
927,36,Female,Petani,1500000.0,382190.0,31,6,7321910.0,643,2025-01-06
928,29,Female,Petani,2565000.0,310543.0,0,0,9653513.0,638,2023-10-15
929,41,Female,Pedagang,8266000.0,401705.0,21,0,9240649.0,695,2023-03-13
930,24,Male,Pedagang,2368000.0,346000.0,23,7,1000000.0,580,2023-10-22
931,23,Female,Tenaga Kesehatan,7837000.0,485622.0,15,15,8252773.0,705,2024-05-09
932,24,Male,Petani,3801000.0,403124.0,2,1,9579516.0,724,2023-08-09
933,29,Male,Pedagang,11048000.0,597729.0,3,0,11542349.0,642,2024-06-04
934,33,Male,Guru,7161000.0,399662.0,1,1,2109235.0,676,2023-02-10
935,41,Female,Pegawai Negeri Sipil,19575000.0,713008.0,0,0,8757082.0,774,2023-05-30
936,39,Male,Pekerja Konstruksi,6097000.0,411633.0,23,4,16556921.0,606,2023-06-14
937,28,Female,Pedagang,5637000.0,374507.0,26,3,7409572.0,687,2023-06-23
938,43,Female,Sopir,4908000.0,292262.0,5,5,8183755.0,698,2023-04-13
939,31,Female,Guru,14306000.0,592462.0,7,2,7466099.0,698,2023-08-12
940,38,Male,Pekerja Industri,6601000.0,536715.0,22,9,17241751.0,622,2023-03-01
941,40,Female,Pedagang,10128000.0,260531.0,9,9,8145475.0,713,2023-08-24
942,23,Male,Pedagang,3863000.0,400100.0,19,12,10913917.0,618,2023-04-02
943,33,Male,Pekerja Industri,8447000.0,615471.0,14,2,6799162.0,710,2024-01-15
944,29,Female,Pedagang,14764000.0,625297.0,6,6,16653371.0,697,2023-05-17
945,35,Female,Guru,11496000.0,556636.0,0,0,8890975.0,689,2023-04-14
946,33,Male,Petani,2449000.0,349067.0,8,8,5946112.0,697,2024-06-26
947,35,Female,Guru,11997000.0,633054.0,17,1,15347882.0,699,2024-09-27
948,35,Female,Pekerja Industri,3562000.0,437272.0,0,0,19566512.0,677,2024-02-17
949,32,Female,Pekerja Industri,8245000.0,754303.0,27,7,14646292.0,658,2023-07-23
950,39,Female,Pedagang,7721000.0,436967.0,11,11,11924378.0,647,2023-10-29
951,35,Female,Petani,1500000.0,165412.0,10,10,7304213.0,703,2024-02-19
952,30,Female,Pegawai Negeri Sipil,7070000.0,636575.0,9,0,9399806.0,655,2024-07-17
953,40,Male,Petani,1915000.0,301458.0,7,5,2607186.0,694,2024-05-27
954,49,Female,Pekerja Konstruksi,3162000.0,178429.0,18,3,1000000.0,606,2023-10-06
955,31,Male,Petani,1500000.0,145370.0,15,8,2934524.0,676,2024-12-24
956,33,Female,Pedagang,2129000.0,401076.0,7,7,1000000.0,657,2023-03-19
957,48,Male,Petani,1500000.0,367545.0,19,11,6024044.0,639,2025-01-07
958,23,Female,Petani,3981000.0,392446.0,7,7,15675102.0,672,2023-06-14
959,41,Male,Guru,9653000.0,712259.0,19,0,12545375.0,680,2023-11-04
960,26,Male,Sopir,5964000.0,288765.0,10,2,6796362.0,741,2024-01-27
961,38,Male,Petani,1500000.0,329236.0,17,6,1000000.0,651,2024-09-28
962,35,Male,Petani,1782000.0,673992.0,16,8,6950101.0,744,2024-09-04
963,49,Male,Pedagang,2728000.0,355667.0,17,16,13210878.0,597,2024-09-27
964,40,Male,Petani,1582000.0,371267.0,31,6,17180771.0,515,2023-05-15
965,53,Female,Pegawai Negeri Sipil,8666000.0,835910.0,0,0,13159204.0,616,2024-09-19
966,49,Female,Pegawai Negeri Sipil,15117000.0,815923.0,3,3,14037389.0,601,2025-01-02
967,50,Male,Petani,2107000.0,607006.0,37,5,9013515.0,609,2023-08-01
968,38,Male,Petani,1500000.0,222713.0,24,1,6026048.0,637,2023-11-10
969,26,Male,Pedagang,2020000.0,513782.0,34,14,6393434.0,649,2023-12-07
970,45,Male,Pegawai Negeri Sipil,8657000.0,507803.0,6,6,12404972.0,685,2023-06-08
971,27,Male,Pedagang,7127000.0,478798.0,13,12,11936593.0,579,2024-11-26
972,44,Male,Guru,12896000.0,672941.0,28,9,17896441.0,679,2024-07-29
973,30,Male,Tenaga Kesehatan,9800000.0,549552.0,0,0,9926700.0,642,2024-11-01
974,43,Male,Pegawai Negeri Sipil,13148000.0,685164.0,18,5,13765902.0,601,2024-03-25
975,32,Female,Pekerja Industri,5140000.0,253264.0,16,0,14319557.0,575,2024-09-15
976,39,Female,Pedagang,8698000.0,394519.0,23,7,4150073.0,610,2023-03-09
977,45,Male,Petani,3113000.0,586612.0,11,11,9094337.0,627,2023-05-22
978,29,Male,Pedagang,14546000.0,599385.0,18,1,18128040.0,579,2023-11-08
979,38,Male,Pekerja Rumah Tangga,2402000.0,407843.0,17,3,14329175.0,643,2025-01-14
980,24,Female,Petani,2255000.0,384234.0,0,0,1000000.0,674,2023-08-13
981,40,Female,Pedagang,8800000.0,508158.0,10,0,6973482.0,695,2024-02-08
982,31,Male,Petani,1500000.0,210088.0,18,3,2806941.0,669,2023-02-28
983,26,Male,Pekerja Industri,9951000.0,587237.0,18,10,12091324.0,595,2023-10-24
984,47,Male,Petani,4101000.0,444210.0,12,0,1000000.0,711,2024-10-23
985,40,Male,Tenaga Kesehatan,14599000.0,815245.0,4,4,6034748.0,656,2024-06-07
986,41,Female,Pekerja Industri,6027000.0,522205.0,0,0,1162511.0,665,2023-12-14
987,36,Male,Petani,2030000.0,234004.0,4,4,4241814.0,740,2024-09-20
988,18,Female,Tenaga Kesehatan,20000000.0,897308.0,13,7,8995512.0,627,2024-10-10
989,47,Female,Petani,2940000.0,562728.0,19,2,11114945.0,705,2023-04-21
990,41,Male,Petani,4895000.0,617673.0,11,1,3382964.0,740,2023-05-05
991,33,Female,Petani,2305000.0,313211.0,17,0,12251591.0,651,2023-09-02
992,38,Female,Pedagang,9826000.0,1003798.0,18,11,8184895.0,652,2023-11-25
993,26,Male,Pekerja Industri,7332000.0,327666.0,15,2,17648262.0,575,2023-11-19
994,46,Female,Petani,3693000.0,100000.0,9,1,10779671.0,728,2024-05-31
995,28,Female,Pekerja Industri,9848000.0,574125.0,16,10,14984875.0,590,2024-01-13
996,28,Male,Pekerja Konstruksi,10525000.0,797806.0,35,1,9687952.0,632,2023-05-19
997,31,Male,Guru,3246000.0,406129.0,10,8,1000000.0,634,2024-01-01
998,44,Male,Petani,3411000.0,373060.0,29,1,9370745.0,632,2023-05-21
999,40,Female,Pedagang,9648000.0,247628.0,18,3,7956295.0,610,2023-02-23
1000,43,Female,Pedagang,14934000.0,875195.0,4,4,11106624.0,676,2024-10-20
